geo_accession	ABI3BP	ACKR4	ACP5	AIF1	AK5	AKAP6	ANPEP	APOC1	APOD	AQP1	ARHGAP29	ARHGEF15	ASPN	ATP6V0D2	BCL6B	C1ORF162	C1QA	C1QB	C1QC	C1QTNF3	C1R	C1S	C3AR1	C5AR1	CA2	CALCRL	CCL13	CCL3	CCL3L1	CCL5	CD14	CD163	CD1C	CD2	CD248	CD33	CD34	CD3D	CD3E	CD3G	CD52	CD68	CD69	CD7	CD84	CD8A	CD96	CDH5	CKB	CLDN5	CLEC10A	CLEC14A	CLEC4A	COL14A1	COL15A1	COL1A1	COL3A1	COL4A1	COL6A3	COL8A1	COMP	CSF1R	CST3	CST7	CTGF	CTSK	CTSW	CXCL14	CXCR3	CXORF36	CYBB	CYYR1	DCN	DGKI	DIO2	DLL4	DPP4	EFEMP1	EGFL7	EMCN	ESAM	FAM109A	FBLN1	FBLN2	FBN1	FCER1A	FCGR1A	FCGR2A	FCGR2B	FCGR3A	FCN1	FGF7	FLT1	FNDC1	FOLR2	FPR1	GJA4	GNLY	GPR34	GZMA	GZMB	GZMH	GZMK	GZMM	HLA-DPA1	HLA-DQA1	HLA-DRA	HYAL1	IFNG	IGF1	IGFBP6	IGSF6	IL1B	IL1RN	IL2RG	IL32	ITGB3	ITGBL1	JDP2	KCNE4	KDR	KLRB1	KLRC1	LAT2	LCK	LDB2	LTB	LY86	LYZ	MARCH1	MATK	MEG3	MFAP4	MFAP5	MGP	MMP9	MMRN2	MNDA	MPEG1	MRC1	MS4A4A	MS4A6A	MS4A7	MSR1	MYCT1	NCF2	NKG7	NRIP3	OGN	OSCAR	P4HA3	PAGE2	PCDH12	PCDH17	PDGFRA	PDGFRL	PECAM1	PI16	PILRA	PLA2G2A	PLAC8	PLVAP	PODXL	POSTN	PRF1	PRSS23	PSTPIP1	PTPRB	PYHIN1	RAC2	RAMP2	RAMP3	RBP4	RBP7	RGS10	RHOH	ROBO4	S100A3	S100A8	S100A9	SAMD3	SDS	SERPINA1	SFRP2	SFRP4	SH2D1A	SIT1	SLAMF1	SLC37A2	SLCO2A1	SNX10	SOX18	SPARCL1	SPI1	SPOCK2	SPP1	SSPN	STC1	SUCNR1	SULT1B1	TAGLN	TBC1D10C	TCIRG1	THBS2	THBS4	THOP1	THY1	TIE1	TM4SF1	TM4SF18	TM4SF19	TNFAIP6	TNFRSF11A	TNFRSF18	TPSAB1	TRAF3IP3	TREM2	VSIG4	VWF	XCL1	XCL2
GSM717846	12.24624046	7.349112196	7.322694786	7.336843014	7.8734499625000005	7.525824099	9.919342568	7.524866993	7.630861173	7.935114763	7.298748618	7.423327502	7.700970439	7.280183682	7.369262128	7.58377487	7.292919804	7.269293787	7.258301521	7.4301463734999995	7.472738751	8.5700055215	7.43801449	7.462033703	7.294866226	7.297779329	7.488581302	7.334959689	7.367314954	7.846500236	8.171052792	7.319395457500001	7.630032138	7.336843014	12.83372769	7.327420635	7.32174752	7.365374852	7.35290865	7.334018009	7.464104607	9.854038994	7.414959981	7.360552901	7.299717033	7.328221718	7.347218914	7.346273323	10.04156757	7.467203297	7.3393247835	7.417048658	7.383118262	7.808083768	8.719652987	14.65247172	12.26321615	14.29380601	12.85474744	10.3952867765	11.57085802	7.657686782	13.59609821	7.401461896	14.14786646	8.093220248	7.665617145	7.378122393	7.358634379	7.290969907	7.373179276	7.281168551	9.569894416	7.791278389	7.7271608865	7.387149649	7.831896056	9.219277344	7.671896996	7.328364116	7.291945289	7.971010117	7.906801078	7.8446170055	9.830221203	7.324587047	7.385130298	7.302597563	7.3617253765	7.379117485	7.40559812	7.919833633	7.33213433	11.99965921	7.381113877	7.750087818	7.40767246	7.273265664	7.293893449	7.353860132	7.575769337	7.351958168	7.440112483	7.295838132	8.155759363	7.479490149	7.320799419	7.370238491	7.431717969	7.347218914	12.56108117	7.278211375	7.618322968	7.326476669	7.333076241	7.784037293	7.99350663	8.641493084	8.098627883	7.481519621	7.338726662	7.398371882	7.361514259	7.456840482	7.39529349	9.583583978	7.448492633	7.38011466	7.422279914	7.289993657	7.342992571	9.016584819	8.617851983	13.49449558	8.590801569	7.21956062	7.315092157	7.32174752	7.320799419	7.271281422	7.303580183499999	7.2855655895	7.373179276	7.40975053	7.701719145	7.625037495	7.19239282	9.021989722	7.34785039	7.392227819	7.423327502	7.370238491	7.278211375	7.314137835	10.7532224	7.615788641	7.493586225	7.640734582	7.3368496215	7.344383972	7.271281422	7.339668747	7.788654446	8.370998673	7.33024985	12.94948968	7.381113877	7.534383852	7.288509394	11.13430061	7.304545973	7.385130298	8.024068245	7.457880817	8.491620318	7.350059994	7.365374852	8.399506381	7.361514259	7.457880817	7.5567145015	7.381113877	7.389175976	7.40559812	8.135057742	7.58377487	8.174079393	7.294866226	7.265308373	7.454757511	7.537215602	7.793239515	7.32174752	7.418093892	7.453714943	7.706194221	8.112591515	8.929842326	7.271281422	7.431717969	11.423072279500001	7.373179276	7.406634804	12.1988248	7.365374852	8.768451908	12.81257934	7.540974717	13.89998973	7.328364116	7.328159250000001	8.608617007	7.347218914	7.261309487	7.325532158	7.402494296	7.311269553	7.439063581	7.358634379	7.365374852	7.328364116
GSM717847	10.29087837	7.415599028	7.301202757	7.333176867	7.8569415485	7.613841699	9.59528523	7.614833849	7.638286495	7.5481136445	7.347554179	7.427309225	7.98430541	7.253478727	7.324570114	7.666668683	7.309069133	7.239840152	7.265903173	7.440343883500001	8.256013883000001	9.7115989435	7.423780433	7.320723972	7.280193183	7.435581632	8.283086881	7.329356492	7.426131675	7.445077256	8.528632228	7.324546907	7.731753547	7.334131637	12.93582437	7.354359336	7.345624964	7.357306922	7.404079283	7.316858457	7.48748018	9.294359456	7.385141848	7.386228008	7.265903173	7.316727177500001	7.342740747	7.36127238	9.846790038	7.526996539	7.300987851	7.442700961	7.455771741	8.237291418	7.905022033	14.78393613	12.97460593	14.67836946	13.21421378	10.804738215	13.2947418	7.621745007	13.39010169	7.396167981	14.32627458	9.869237151	7.870056382	7.305145525	7.404079283	7.355339533	7.338908805	7.306128227	10.08990988	7.424955387	7.3295573025	7.373468559	7.559450695	9.730383246	7.451019928	7.315889033	7.275115289	7.918579253	9.234949177	7.963245646500001	10.13849021	7.328400544	7.402940587	7.3156151089999994	7.3751258195	7.410964223	7.384059633	8.120432752	7.329356492	13.72928422	7.413277531	7.994752046	7.341781499	7.27307611	7.326486872	7.451019928	7.590680948	7.281205309	7.405220616	7.243003774	7.664807683	7.415599028	7.272054809	7.393934959	7.40636451	7.360276942	11.72507	7.344662378	7.370371909	7.266931273	7.228158165	8.106076484	8.0936662	8.906186587	8.342281934	7.434397176	7.281205309	7.324570114	7.367308656	7.553060237	7.422606883	9.478390688	7.366294564	7.395049849	7.382981441	7.316858457	7.386865815	8.435290812	11.27498299	12.72694454	10.45883552	7.245107466	7.420264277	7.402940587	7.294257128	7.291262712	7.308869244	7.283713018	7.29922422	7.459331533	7.344662378	7.413277531	7.227089845	8.943240365	7.3512106045	7.453396396	7.461701833	7.352405456	7.288257733	7.303176529	10.54180604	7.535775037	7.568944812	7.621745007	7.339656272	7.325528933	7.357306922	7.334131637	7.435581632	10.00830717	7.280193183	12.46856636	7.658259642	7.348521008	7.297437356	9.744779524	7.275115289	7.515892944	7.682313189	7.393934959	8.426246717	7.354359336	7.311023719	8.561388735	7.386228008	7.393934959	7.6111777185000005	7.396167981	7.37243248	7.458145451	9.072627656	7.723150777	8.311871418	7.335086489	7.261779533	7.416762666	7.256599845	7.938484279	7.334131637	7.355339533	7.441513244	7.474673198	9.025065458	8.582340918	7.24405616	7.341781499	11.463126682	7.325528933	7.37555276	14.30056177	7.531397272	8.636708418	13.05408888	7.503508101	13.33178166	7.329356492	7.323092772000001	8.780846635	7.368326182	7.272054809	7.356322029	7.366294564	7.350459609	7.481682344	7.306128227	7.348521008	7.337952582
GSM717848	12.0293606	7.356692494	7.452638358	7.339215851	7.891471615	7.36042883	10.16320221	7.416002689	7.719487376	7.469563114	7.299833422	7.423170317	7.44588426	7.368500445	7.345323638	7.545487892	7.299155501	7.270672754	7.306722339	7.410680126	8.2327138825	9.144832086000001	7.483291495	7.418084001	7.274847379	7.395782692	7.532161965	7.301195232	7.32857688	7.403997102	7.70504781	7.2950995370000005	7.401700095	7.352924408	13.34621315	7.32857688	7.350651481	7.40903066	7.413892429	7.278499674	7.432441605	10.15264705	7.39456756	7.354434968	7.383770933	7.3505698165	7.297805619	7.327823275	10.33561133	7.427619899	7.3677455825	7.388321871	7.341506684	7.961406348	8.626780834	14.72973997	11.17474278	13.44582354	12.88638202	10.1697701975	11.76612426	7.481083947	13.53815153	7.492100029	14.86513287	11.54961517	7.501748953	7.341506684	7.401119791	7.307422243	7.450395984	7.270672754	11.38232334	7.674990967	7.701591833	7.451293797	7.770739706	11.01458328	7.792797356	7.299833422	7.26659027	7.810884963	9.953707064	8.916393814	9.693700525	7.324074885	7.398773596	7.3268739755	7.365593151000001	7.430045594	7.381100022	7.936949101	7.449946593	10.70142237	7.347610292	7.843929464	7.422668762	7.298479568	7.262598947	7.355188646	7.598729896	7.355941175	7.520483732	7.291174861	7.832751519	7.419114265	7.426640715	7.426149129	7.418084001	7.33768945	13.56681276	7.354434968	7.383108098	7.268911891	7.256508555	7.426149129	7.933567117	9.100393537	8.186998672	7.874871795	7.413892429	7.323329633	7.405695151	7.485937704	7.413892429	9.481474005	7.457999625	7.399951742	7.454427825	7.324821707	7.380189533	8.442066486	8.618495437	12.78310669	9.448256925	7.263163594	7.367050492	7.333120074	7.33768945	7.286650198	7.314727362499999	7.295800445999999	7.352924408	7.432917476	7.517445222	7.432917476	7.241486275	9.016949317	7.314983494	7.538621048	7.459783364	7.306024443	7.346086277	7.286011622	10.82394402	7.517879566	7.432917476	9.554998431	7.3834647755	7.305328552	7.327823275	7.339215851	7.558724897	8.826241169	7.388959642	12.75948392	7.455321468	7.477104946	7.2800121035	10.41900481	7.374207597	7.376305592	9.172986181	7.42115493	8.751822195	7.388959642	7.424666132	8.662870901	7.368500445	7.416002689	7.467959505	7.327823275	7.377690289	7.32110403	9.705828548	7.485055981	7.577780329	7.28222091	7.352167649	7.401700095	7.689295317	7.568488032	7.330087449	7.438550936	7.480642178	7.759405713	7.901395839	9.08831174	7.250113297	7.346086277	11.636419794	7.397585147	7.636252614	12.63358663	7.52221803	8.483853915	11.79479692	7.471788861	12.07533034	7.313812022	7.33998087	8.668095482	7.356692494	7.280972804	7.3706587	7.388959642	7.339215851	7.456214568	7.429079026	7.361912797	7.343033958
GSM717849	11.35946544	7.397760134	7.360455818	7.366747888	7.527600743	7.390984543	9.898465323	7.699195364	7.432815343	7.500354972	7.295641902	7.417332626	7.529047184	7.287916252	7.422202003	7.628195231	7.377010255	7.23169675	7.277342577	7.490870193499999	9.453800217	10.666921457499999	7.446127252	7.42694247	7.54006563	7.481111716	7.723699667	7.322846122	7.343389691	7.363623551	7.54839775	7.2991839355	7.55217738	7.362361515	13.00035077	7.337977653	7.338657422	7.273100347	7.450453066	7.251062092	7.456305083	8.623343499	7.349397511	7.391516933	7.320764305	7.327433916	7.348070625	7.32838095	9.892594312	7.426089407	7.3387097390000005	7.378177794	7.40904231	8.204002338	9.258711818	14.9372071	11.47744299	13.92704828	13.23072712	10.2075340865	12.63325452	7.54839775	13.42216635	7.42393985	13.78299653	9.717229687	7.533991403	7.41415912	7.425232531	7.307535593	7.27663605	7.483814442	12.13129333	7.494604079	7.353046377	7.424371742	7.370436046	12.02030232	7.459026727	7.309628801	7.29914578	8.085965638	10.21118151	9.1464601105	9.931175321	7.290025602	7.373455539	7.2891316855	7.4171585175	7.48844276	7.341367403	8.327296597	7.385552117	13.91903293	7.445731959	7.714851123	7.382759046	7.285101013	7.296343064	7.334566331	7.514932007	7.301945424	7.410454327	7.335933262	7.594917402	7.395190786	7.417781064	7.398775534	7.444940198	7.450453066	13.00767722	7.339336305	7.537409651	7.285805121	7.273807898	7.427367602	8.070644261	7.909726023	8.15267968	7.682356685	7.372855706	7.320764305	7.417332626	7.523332472	7.436917193	11.06653995	7.469892462	7.387749166	7.514167224	7.339336305	7.3764506364999995	9.394204932	10.95383619	12.28037215	8.529666929	7.305440696	7.401284146	7.371043968	7.311720331	7.29213318	7.295273571	7.280488506499999	7.284396706	7.386104453	7.360455818	7.413240949	7.173299272	8.744496274	7.3310749305	7.37991233	7.496911669	7.3186801	7.282987491	7.263172818	11.62988959	9.509358774	7.558968491	7.779867634	7.400636132500001	7.334566331	7.514932007	7.324232347	7.415980035	8.067089119	7.32838095	11.92189401	7.468729827	7.3186801	7.309566567	10.38744448	7.320069803	7.442554696	7.88238281	7.397760134	8.624175194	7.42176491	7.378758215	7.730401832	7.367984872	7.473378104	7.425890138	7.371043968	7.394150415	7.35660106	9.724819443	7.519516849	8.060552346	7.271684627	7.31102334	7.361727947	7.44809829	8.298542967	7.338657422	7.364878644	7.457860634	7.413240949	8.187811795	8.391963942	7.248203405	7.332510399	11.854555924	7.405212669	7.723699667	13.69577524	7.52942779	8.330821804	11.89599941	7.467179065	12.50578556	7.297744807	7.3341851855	7.459803919	7.387202963	7.2388882	7.335933262	7.404240077	7.23169675	7.45318889	7.379336389	7.343389691	7.384997707
GSM717850	11.29010919	7.401323887	7.37621814	7.336937781	7.781272931	7.385937814	10.5015294	7.531971004	7.473847138	7.5005914405	7.329941281	7.431590668	8.110466817	7.34524811	7.402963577	7.668169831	7.28123528	7.239361796	7.267074556	7.538087601	8.9455403845	9.969338075	7.431106143	7.450009318	7.225796732	7.432557476	7.47703593	7.326426249	7.322903798	7.356121904	7.425723546	7.340773587499999	7.427201536	7.381745087	13.33731721	7.332045558	7.33134458	7.339025392	7.418715639	7.220069737	7.480220748	8.836048917	7.313730692	7.347307024	7.315142286	7.282448638	7.351398386	7.325017999	9.280772428	7.450934919	7.360588562	7.404049615	7.416164615	7.845404852	7.531080242	15.18529035	12.23792829	14.45622384	13.64833402	10.519992897	12.21224232	7.615525507	13.41146485	7.478856313	14.64553131	10.64663468	7.636904124	7.341798982	7.396886616	7.358794397	7.399117263	7.334145537	11.8861886	7.741561279	7.2783952105	7.381138663	7.40674063	11.30770459	7.448618401	7.334145537	7.269908957	8.10814028	11.17241861	8.6410554405	10.34877632	7.360122834	7.34524811	7.286185542	7.404820127500001	7.413585868	7.343870992	7.669427958	7.394631133	13.01306452	7.369901918	7.834217721	7.317965361	7.238649032	7.322198669	7.329239005	7.526175187	7.298198364	7.532861439	7.304553844	7.927101848	7.430134792	8.182936633	7.379920083	7.434961928	7.372449419	13.00707543	7.354778179	7.401323887	7.254303052	7.234369781	7.374341865	8.096794281	7.956342902	8.149857041	7.791589898	7.382952271	7.274158335	7.362105263	7.511400559	7.422243309	10.54944526	7.472479297	7.310201485	7.458760511	7.371815102	7.355947414	10.10304665	11.12182457	12.36033025	9.019020282	7.27911285	7.368618134	7.32712994	7.279820386	7.255013364	7.270937421499999	7.265620185	7.319376792	7.417188268	7.374341865	7.393493823	7.210022919	8.901526575	7.323569633	7.444892548	7.451397247	7.235083313	7.32712994	7.30031712	11.30999264	7.704771958	7.443488267	8.526437154	7.3895616529999995	7.349357307	7.324313486	7.368618134	7.399671139	9.768006782	7.329941281	11.75731911	7.407807664	7.291840196	7.2708223995	10.24071079	7.332045558	7.424733801	7.644550386	7.392349996	8.933560667	7.37621814	7.427201536	7.668169831	7.317259605	7.467914564	7.456776178	7.378077717	7.320787956	7.320787956	8.572759302	7.614666105	7.731814148	7.328536341	7.291133536	7.325017999	7.336937781	7.508255093	7.309495598	7.420233561	7.437825153	7.433521366	7.78565139	7.975101944	7.276282088	7.312319051	12.129591185999999	7.388878376	7.796328044	13.75286279	7.393493823	8.28307572	12.64516158	7.484309667	12.35560196	7.266365761	7.3253698675	7.730592525	7.373081999	7.255013364	7.350038718	7.389461237	7.30031712	7.437349533	7.344559987	7.332045558	7.322198669
GSM717851	11.33680835	7.432973776	7.39679424	7.39510447	7.5112327275	7.332255215	10.21136324	7.57836388	7.438858478	7.428601359	7.358559005	7.381505775	7.434798912	7.264257364	7.390507446	7.657125539	7.263524709	7.262059176	7.24811922	7.600022199	9.0869637075	10.144698829500001	7.431595707	7.429745268	7.401213995	7.407098838	7.773534669	7.335883647	7.324232198	7.39510447	7.520237375	7.3244736669999995	7.502038238	7.359932435	13.83315782	7.333708353	7.299369546	7.32057538	7.459355812	7.299369546	7.479903391	9.128767432	7.370669601	7.325693813	7.331527851	7.288427051499999	7.340215462	7.334434068	10.43139037	7.422658638	7.3194324855	7.333708353	7.414297631	8.415031815	7.84521713	14.84304598	11.35710662	13.68921097	13.20057506	10.014597386	11.22735052	7.883559173	13.40136551	7.4192621	13.95598247	9.68030795	7.540434593	7.332255215	7.38212229	7.370669601	7.368029955	7.356487217	12.09377859	7.563416973	7.366117469000001	7.372628084	7.401213995	11.93517453	7.433431348	7.284017066	7.305217708	7.997183253	10.78431274	8.710871945000001	10.01476588	7.28547953	7.381505775	7.2935174445	7.386239184	7.413287729	7.35370423	8.039832733	7.32642426	13.3953385	7.37584971	7.777349794	7.36935374	7.278897454	7.284748311	7.385771187	7.540854003	7.343802474	7.467073668	7.325693813	8.292552074	7.400668197	8.781920123	7.419751116	7.420238842	7.481184021	13.29745943	7.312529314	7.353004985	7.30741097	7.183581633	7.401213995	8.059293781	7.913336954	8.167834734	7.700933887	7.382736385	7.301562544	7.410221782	7.478195212	7.395669744	11.06490822	7.450301279	7.359246514	7.455487089	7.355098577	7.3745043325	9.399651844	10.32441512	11.93762828	9.114055114	7.30741097	7.41073664	7.348074155	7.334434068	7.304486651	7.3073674255	7.323743053499999	7.318380607	7.401213995	7.314723294	7.376487432	7.191831685	8.734184663	7.319816014500001	7.418771779	7.51812624	7.356487217	7.30010054	7.267187276	11.51203191	8.28403634	7.565913481	8.240423657	7.418660786	7.332982058	7.440198535	7.305217708	7.392822815	8.727845729	7.297907565	11.72558511	7.443743917	7.345230599	7.3025351415	10.74441116	7.292790556	7.4192621	7.726048987	7.386968787	8.686851886	7.394537158	7.415801585	8.212628914	7.385168925	7.478622329	7.3605805965	7.372628084	7.311798046	7.359932435	8.27432598	7.55758355	7.969432541	7.283285791	7.355098577	7.39510447	7.452467026	8.738606153	7.305948779	7.388157272	7.435253095	7.410221782	7.884282203	8.092098014	7.264989946	7.348074155	11.9124417455	7.339495425	7.841526208	13.36069465	7.348782235	8.558148425	12.34356142	7.479903391	12.48880145	7.266454901	7.331886487	7.520237375	7.340934659	7.226022615	7.261326294	7.38756416	7.309604404	7.464502719	7.361980401	7.355793624	7.427410017
GSM717852	11.10528842	7.39722184	7.354025829	7.37867285	7.546464989	7.457483411	9.875394672	7.51271774	7.58667618	7.921461559	7.338133067	7.424474059	8.075270218	7.31527221	7.333624404	7.601621333	7.275733033	7.246474018	7.254547085	7.514889846	8.9706609615	9.681066982499999	7.408271811	7.41574481	7.235283411	7.388763595	7.674909693	7.350237678	7.375005108	7.417768205	7.523885501	7.331877265	7.661519068	7.343419782	13.06561247	7.35629627	7.305413461	7.275106096	7.423137294	7.291194627	7.367582827	9.569326474	7.342663275	7.276361313	7.285950311	7.3016272445	7.306802881	7.348721872	9.985205793	7.485099851	7.362560716	7.408954959	7.380857297	9.117162388	9.547260176	15.25908961	12.95382417	13.68266239	13.4840331	10.9477871715	14.06991951	7.598376334	13.60734723	7.397919618	14.74116326	9.940649922	7.762076513	7.279523043	7.392307603	7.338133067	7.381582659	7.314557643	11.74697324	7.652562669	7.359180801	7.360073029	7.435765323	11.33626318	7.517974308	7.271991355	7.275106096	7.847593553	11.04931912	8.919342436	9.97544943	7.368329561	7.391601137	7.2957333045	7.3986083285	7.439067207	7.383029294	8.185218074	7.414392577	13.02804838	7.350237678	7.794581886	7.406903069	7.278254262	7.35629627	7.423805933	7.56515821	7.313133338	7.599025514	7.347206216	7.598376334	7.436426255	7.449599002	7.373529292	7.426475477	7.421798426	12.77287333	7.372048888	7.43046609	7.28790609	7.245905286	7.4184414	8.056129481	9.474311001	8.373081409	8.004594518	7.275733033	7.311008896	7.351753324	7.51534626	7.36158032	10.648624	7.411679717	7.419785963	7.475233906	7.390184732	7.3904222404999995	9.350179619	10.82161292	12.58160056	10.91846969	7.313133338	7.290534006	7.375005108	7.274480496	7.310303937	7.2699241655	7.2863055785	7.304030279	7.387337606	7.393012932	7.399312128	7.235834197	9.031638555	7.313429709999999	7.308198572	7.465370526	7.277621922	7.285950311	7.275733033	11.41465929	7.930505482	7.631362912	8.74575896	7.4278045105	7.318146663	7.380857297	7.349479775	7.377209654	9.77303848	7.302653303	12.3611294	7.375741213	7.318146663	7.309946452	9.447436047	7.318146663	7.431793023	7.506144634	7.400700672	8.702662453	7.399312128	7.417094383	8.36915943	7.365337504	7.43378068	7.442361480500001	7.38013055	7.399312128	7.737268095	9.641803785	7.567770742	8.287477342	7.308198572	7.266466766	7.343419782	7.291856715	7.916148208	7.333624404	7.480495584	7.44894175	7.372048888	9.259095526	8.600237077	7.226582162	7.368329561	11.4813196555	7.423137294	7.523228842	13.76154576	7.36158032	8.457195594	11.89164453	7.524542123	12.68923696	7.249333181	7.314192066	8.46905649	7.30196713	7.311008896	7.338886846	7.381582659	7.377209654	7.44236299	7.395122239	7.395823165	7.43378068
GSM717853	11.39118146	7.501856496	7.377529765	7.351395567	8.0162630585	7.364518839	10.48135257	7.609183637	7.519968756	7.48517528	7.291257848	7.395155594	7.883238887	7.320562618	7.363830958	7.619685278	7.309906785	7.219591352	7.326920445	7.455366586	9.234041467	10.264628517	7.459812481	7.380254772	7.755311246	7.319146149	7.441618081	7.405232122	7.379573978	7.283298515	7.659848537	7.320853873	7.60507998	7.352089098	13.27867171	7.335356388	7.37889288	7.307766625	7.460458269	7.253259251	7.415242277	9.127054641	7.385011809	7.311331886	7.35486006	7.294825342999999	7.340255819	7.358316675	10.25127156	7.411246124	7.376267614	7.35070172	7.317018967	7.853125701	7.811168867	14.5896235	10.81504941	13.69127992	13.51121811	10.7982160205	12.23459589	7.461103783	13.22534622	7.388400599	14.2120705	10.5376605	7.497452032	7.355552012	7.412579343	7.345835899	7.36795358	7.380254772	12.29881628	7.427168072	7.321170245	7.444230656	7.439001006	11.55969462	7.421216873	7.249554983	7.29702039	7.964140648	9.839289155	9.044703171	10.17751298	7.299893489	7.35624365	7.3031937095	7.4050191145	7.370010705	7.344442798	8.039627186	7.379573978	12.98465019	7.363830958	7.64676881	7.394481444	7.300610916	7.273837982	7.323391602	7.570644964	7.304908382	7.479705386	7.321977769	8.45519633	7.458520081	9.730523879	7.418564397	7.415242277	7.335356388	12.9904719	7.299893489	7.518726543	7.278211699	7.201325553	7.385690172	8.096746501	7.787927141	8.210443518	7.87441496	7.408576172	7.249554983	7.401880697	7.559192663	7.41922795	11.12548131	7.449442371	7.329033824	7.532335352	7.361076317	7.3564847525	9.344450743	10.7304993	11.60682913	8.703678779	7.34304842	7.309193733	7.343745769	7.319146149	7.290535992	7.2330946755	7.3249265925	7.377529765	7.35070172	7.332549606	7.354167793	7.193649558	8.871700078	7.3229692125	7.337458079	7.498711753	7.309193733	7.282572868	7.333953645	11.8704973	9.530614729	7.511251858	7.694556042	7.3717449685	7.335356388	7.481616756	7.367267253	7.395829445	9.345570387	7.319854549	11.55596071	7.542156664	7.287645135	7.2944708755	10.06241996	7.315599191	7.439655697	8.216342705	7.346531971	9.003456404	7.361765445	7.409911734	8.187015075	7.376165428	7.446838748	7.507912854000001	7.387045989	7.42187927	7.340954451	8.031225672	7.606840047	7.962749696	7.307052568	7.259167369	7.270183581	7.338157997	7.743567426	7.363142766	7.401209525	7.437690776	7.512500195	7.906521742	8.311799508	7.242119258	7.324098027	11.810277458	7.366580615	7.642765567	13.78147622	7.435723312	8.439351344	12.59442542	7.518105055	13.4234829	7.296301266	7.353434795	7.402551574	7.352782312	7.22261443	7.352782312	7.367267253	7.287645135	7.532335352	7.405232122	7.307766625	7.406570625
GSM717854	11.60828986	7.419282631	7.398495937	7.362600941	7.607319488	7.367098611	9.919490809	7.895017472	7.490378405	7.4328459595	7.291513896	7.378545898	7.915169477	7.354405037	7.323908082	7.7101107	7.323908082	7.247055752	7.263018029	7.4169864745	9.277724452	10.369207099499999	7.419282631	7.355321028	7.306628054	7.629482922	8.160597703	7.347041295	7.381127508	7.392018857	7.701344961	7.2806015525	7.425173124	7.326672917	13.0945983	7.358972445	7.350730318	7.382834405	7.417792837	7.303043196	7.409464249	8.877000317	7.362600941	7.24124659	7.271543544	7.3005716345	7.352569708	7.30125747	9.64271537	7.422241236	7.406085263	7.357149365	7.438780251	8.730731659	8.285876133	15.01876206	11.38654705	14.1789218	13.48474773	10.428010595	9.812235161	7.466249859	13.56495825	7.417045234	14.27183438	10.15462581	7.523324428	7.347041295	7.37767991	7.271543544	7.364405418	7.337781901	11.8536758	7.392837451	7.2948454730000005	7.445071915	7.45471169	11.48349839	7.434535223	7.313852456	7.253740752	8.050457604	11.19158462	8.5445675655	9.819349042	7.268976374	7.419282631	7.319056124	7.314844099	7.40869512	7.295926642	8.230613247	7.329444473	13.36097893	7.332220985	7.742998718	7.416295795	7.260477685	7.315670168	7.304833378	7.456758715	7.350730318	7.523324428	7.277566412	9.025192099	7.460158846	8.52245092	7.418538628	7.452658775	7.420024869	13.29208151	7.298587152	7.485713827	7.306628054	7.205452555	7.421504148	8.008892896	8.238571351	8.199648579	7.714766651	7.374190176	7.26217038	7.375066366	7.527234704	7.371547368	10.96607291	7.386213358	7.340562857	7.464898985	7.345192637	7.3803792774999994	9.784804905	11.41849601	11.24140692	10.2005727	7.302149778	7.36530501	7.383683472	7.30125747	7.286253203	7.2623224425	7.268436251	7.295041963	7.378545898	7.375940088	7.367098611	7.233829306	8.780970121	7.341689638	7.445071915	7.510223723	7.318405592	7.290634518	7.265566245	11.90930726	8.988391478	7.815612159	8.197504771	7.3889797665	7.347041295	7.474331301	7.360789794	7.410996295	7.87039039	7.318405592	11.95302446	7.440185857	7.409464249	7.2721786855	10.3365681	7.31658079	7.417045234	7.507591227	7.454028067	9.117937034	7.380269752	7.40869512	8.545840852	7.400884025	7.442286056	7.432919889	7.359881865	7.342415854	7.308427262	9.398533443	7.52462887	7.615344366	7.27240112	7.298587152	7.409464249	7.431679915	8.459823813	7.276703142	7.420024869	7.497019661	7.547936239	8.386563229	8.196217055	7.219151606	7.355321028	11.940327219	7.324828837	7.930500125	13.53660082	7.718829773	8.203072488	11.90708264	7.458120402	12.68830973	7.27843065	7.341025435000001	8.160158225	7.295926642	7.228914659	7.289756185	7.39769508	7.347964679	7.422976654	7.391197625	7.410231299	7.36620276
GSM717855	11.24279603	7.421437727	7.375494423	7.298252271	7.7659388289999995	7.425549103	10.01959098	7.581522073	7.534976355	7.4012542020000005	7.308374154	7.425549103	8.209940497	7.330463585	7.447220607	7.741739153	7.275412951	7.244100676	7.247885229	7.6380470979999995	8.772219297	9.617132153	7.295962768	7.34163657	7.323764826	7.346916592	7.613648386	7.369788984	7.373583101	7.387148667	7.691732351	7.3453665105	7.452380002	7.336434916	13.11684241	7.384207037	7.320464723	7.31882681	7.407146225	7.223195607	7.271198049	8.671366564	7.333010026	7.214275761	7.269115042	7.2843478115	7.372631012	7.333010026	9.728944158	7.556674468	7.33900373	7.478976805	7.372631012	7.909599562	7.642137557	15.37320676	11.3947847	14.35139002	13.06143785	10.964898905	11.70453229	7.586954795	13.35608792	7.430699862	14.42393072	10.28150078	7.76496917	7.413249051	7.339894044	7.392088706	7.342511096	7.369788984	11.92233273	7.702122825	7.296917188	7.451348693	7.49899809	11.17814712	7.477964861	7.377415121	7.228384819	8.062431277	10.43678343	8.206595521499999	9.951623343	7.271895995	7.346916592	7.2977779425	7.335148988	7.373583101	7.378378892	7.802587562	7.30996057	12.96870142	7.390107316	7.931201172	7.377415121	7.287714515	7.310756721	7.373583101	7.530192829	7.340764222	7.488037413	7.275412951	8.217725718	7.435859433	8.037331698	7.366032626	7.454441536	7.380313089	13.39167604	7.396071651	7.46778936	7.28919717	7.236105801	7.479987702	8.107232405	8.197012045	8.282397341	7.902697478	7.401085104	7.318010866	7.360468087	7.457530635	7.393081978	9.642381578	7.409176249	7.292185124	7.506892247	7.367906108	7.40819605	9.549041784	11.10765103	12.03976481	9.019675142	7.290687365	7.376453618	7.245985397	7.348694242	7.257614387	7.2951120320000005	7.3072776085	7.286239376	7.398072616	7.434827019	7.367906108	7.213187617	9.013222466	7.3779184365	7.402092065	7.47085216	7.377415121	7.360468087	7.33902603	10.87503887	7.758288768	7.60837139	8.465031511	7.3857002965	7.407146225	7.301331839	7.360468087	7.373583101	8.113256582	7.318010866	12.01035935	7.362313661	7.373583101	7.280304968	9.60323886	7.306795567	7.429668868	7.906469094	7.418361037	9.205270464	7.407146225	7.428638261	8.404440078	7.353177418	7.378378892	7.3895196384999995	7.347804307	7.378378892	7.320464723	8.129150887	7.59772538	7.870607564	7.260943948	7.258276802	7.30996057	7.327097642	7.823565586	7.310756721	7.373583101	7.487034827	7.493034893	7.750053348	7.835229501	7.262288058	7.465743268	12.1316778945	7.418361037	7.909599562	13.53314398	7.378378892	8.451667168	12.70771814	7.505909002	12.46703857	7.228384819	7.360022218499999	8.150139031	7.320464723	7.256953713	7.306009202	7.344266702	7.296724021	7.452380002	7.337296473	7.347804307	7.344266702
GSM717856	11.81292057	7.438862875	7.399097486	7.381480446	7.7748442755	7.372620037	10.42499844	7.798542019	7.516809739	7.4690919405	7.344978885	7.45245638	7.919401265	7.336106499	7.461520842	7.597614983	7.278345545	7.245684673	7.312277097	7.481285578	9.150771866	10.100874549	7.48397712	7.350857149	7.351712823	7.360503496	8.210173151	7.365067279	7.333757201	7.408795698	7.664146492	7.278349298	7.355177149	7.404458606	12.97313003	7.344978885	7.339284296	7.334537154	7.375532746	7.297084537	7.542352056	8.722196466	7.299783764	7.240510868	7.299783764	7.295810844	7.374557146	7.291113188	9.532664808	7.485088253	7.338292565	7.449054695	7.478403809	7.917219576	7.968374077	14.86370599	10.98018124	12.48431278	13.19655737	10.581991942	9.94623701	7.4592567	12.94527584	7.425366105	13.5027803	9.816026833	7.479520832	7.356053865	7.349157973	7.301143858	7.369750693	7.341703373	11.92111108	7.472800935	7.29913512	7.496135469	7.365994218	11.94160359	7.423133562	7.294413209	7.269816542	7.935263237	9.984357111	8.6294686235	9.817256116	7.352572614	7.342516791	7.3180105525000005	7.320776204	7.333757201	7.390678814	7.761931928	7.343333818	12.68304533	7.321663519	7.791160553	7.429847701	7.277725229	7.306654276	7.392763622	7.48397712	7.348314379	7.45699093	7.256525103	9.450000361	7.64530556	10.12496726	7.405539063	7.441124599	7.334537154	13.33226622	7.312987875	7.472800935	7.286565997	7.228752226	7.354304732	8.164062457	7.688127548	8.269588002	7.542352056	7.387578324	7.301826528	7.360503496	7.593621758	7.358710255	11.12786654	7.514652654	7.347474719	7.398033966	7.332206492	7.4290390209999995	9.809248157	10.70297091	11.51294071	9.295956807	7.271014528	7.293087988	7.300462937	7.258772845	7.281472852	7.32361809	7.266655708	7.317290149	7.341703373	7.376512947	7.33298033	7.246739037	8.661391246	7.369513297	7.356934925	7.481751332	7.387578324	7.258208404	7.355177149	11.89774799	8.644204097	7.672512047	7.428725396	7.3551775745	7.297756726	7.701708563	7.335320237	7.395916173	8.328922922	7.371658673	11.16509699	7.401233432	7.344154501	7.317708060999999	10.49426102	7.329140484	7.503799909	8.107091385	7.435475465	9.320969599	7.487307003	7.402305723	7.950890282	7.341703373	7.491730511	7.3260926269999995	7.364145126	7.446787428	7.312987875	8.551288709	7.428725396	7.761931928	7.320197145	7.294413209	7.412073837	7.380478319	7.730959419	7.350005548	7.385529956	7.447920969	7.388608165	7.649101826	8.01321628	7.245159949	7.44452114	12.117913878	7.328381073	7.679890536	13.41530726	7.572398468	8.486867128	12.21346768	7.558002407	13.32575764	7.319467254	7.359604615	7.403380803	7.256525103	7.258208404	7.340087173	7.28785654	7.305959336	7.434347955	7.307350973	7.387578324	7.410978845
GSM717857	12.02100534	7.451440222	7.327167721	7.396633016	7.970211346499999	7.357692251	10.25878921	7.537215936	7.585027535	7.5134956145	7.327956438	7.436514939	8.629377521	7.375592226	7.41028461	7.642282459	7.360945314	7.257589496	7.323241032	7.468994248	9.479894306	10.6456718425	7.462348593	7.387753834	7.35931842	7.405476579	7.838374168	7.381275058	7.31089151	7.406278704	7.870265794	7.3217476595	7.44360175	7.313180485	13.08727507	7.356879492	7.339099853	7.331915579	7.38289637	7.255610453	7.424638422	9.172635099	7.386135772	7.272455742	7.27871882	7.32211573	7.378029273	7.300371876	9.372502036	7.458461687	7.346003304	7.397438479	7.393408237	7.951478172	8.828969219	15.03329562	11.39558649	12.93696189	13.55671001	10.772834397499999	11.69820669	7.441242819	13.33266914	7.450658102	13.82774279	10.76687192	7.490030638	7.344729819	7.338298339	7.309372363	7.354442775	7.399048515	12.42136571	7.445957296	7.3017376515	7.390178845	7.379652687	11.99393432	7.401461323	7.31548179	7.280830196	7.955339386	10.60235672	9.2297985915	9.997691349	7.324808231	7.317022855	7.3177854785	7.3803656555	7.356066978	7.340705072	7.849675669	7.344729819	12.74534307	7.364200596	7.725378992	7.382085847	7.285803068	7.287954234	7.358505234	7.507438792	7.300371876	7.434936048	7.278017666	7.872017105	7.426226539	8.128148367	7.463900531	7.466225382	7.348769003	13.44105788	7.36989863	7.471635621	7.280830196	7.21201006	7.313180485	8.146635409	7.765504061	8.348820892	7.810640761	7.397438479	7.356879492	7.407080516	7.590005735	7.365828647	11.05958304	7.455344974	7.368270765	7.562046254	7.360945314	7.4119335735	9.104121659	10.66199212	11.25422341	10.31263993	7.360131787	7.333506048	7.328746224	7.336697616	7.367456748	7.307481278499999	7.275411066	7.326380099	7.330328907	7.408683196	7.384516613	7.198060074	8.739340758	7.3287796835000005	7.384516613	7.553331911	7.312416125	7.295211679	7.302603663	12.10140016	10.56553576	7.673425097	7.545296701	7.4065224225	7.360131787	7.432564999	7.353631129	7.431773932	8.437723543	7.364200596	12.24059603	7.434936048	7.334302646	7.2851638705	10.35933819	7.339099853	7.411884745	7.874931257	7.37884111	9.053039904	7.429398593	7.38289637	8.153869664	7.400657355	7.473948051	7.3917768625	7.382085847	7.343923624	7.317022855	8.816974199	7.548223839	7.781742776	7.329537055	7.317022855	7.317022855	7.399853086	7.647065486	7.307858677	7.354442775	7.41747498	7.538688579	7.853817208	8.457873701	7.210299231	7.372339695	11.7496004785	7.350388088	7.654549519	13.89221827	7.434146059	8.315962262	12.46404656	7.490030638	12.95762335	7.30710388	7.354868594	7.35931842	7.349578324	7.265620847	7.349578324	7.294479898	7.349578324	7.482394937	7.330328907	7.371526132	7.360945314
GSM825623	9.876340728	7.403084116	7.349990702	7.324201824	7.4992884395	7.321303473	11.61708433	7.506616841	10.32027575	7.4338294825	7.314517759	7.371463073	7.57940405	7.274137032	7.393288879	8.572702877	7.25000426	7.286067284	7.284085268	7.429321559	7.3769310675	8.879153181	7.44016166	9.244557712	9.582555702	7.310625875	7.751307509	7.376978008	7.386987751	11.76190075	8.010081508	7.3635867715	7.306723601	7.319367961	10.62044067	7.400425507	7.350934514	7.298887988	7.35281949	7.301831187	7.417970431	8.994977233	7.343359972	7.515705544	7.292984208	7.339944582	7.318399225	7.340505752	9.07682484	7.466551526	7.3270660215	7.414494954	7.531314363	7.378807799	9.010610932	11.16988612	9.242384384	11.6356447	13.23479384	10.6535109475	13.97548533	7.413623486	13.68871923	7.417103118	14.29360372	9.499295174	7.387891167	7.403084116	7.379721068	7.294954706	7.369616419	7.323236367	9.728367079	7.58482765	7.3549158235	7.415365381	7.476991453	7.59287492	7.476194019	7.345258688	7.263120957	8.28985061	9.569666163	7.698335394	8.306561188	7.294954706	7.339552735	7.251016659499999	7.403456182499999	7.387891167	7.392391965	7.875534226	7.329980221	9.031266584	7.394184715	8.446646977	7.372384852	7.315489103	7.291011145	7.420566166	7.529107259	7.369616419	7.430856771	7.339552735	8.10756628	7.439320773	7.290023652	7.409250477	7.451003009	7.338598926	11.09524295	7.33668896	7.452656159	7.322270248	7.240862064	7.782258239	7.899669362	8.010081508	8.051215382	7.501256974	7.343359972	7.36498205	7.355640224	7.531314363	7.376061498	8.040267077	7.466551526	7.404851215	7.443515254	7.301831187	7.3891429424999995	7.944757523	7.876330898	9.777925654	8.313467746	7.325166611	7.386987751	7.385177648	7.319367961	7.296922634	7.2804351385	7.276628059	7.311599821	7.355640224	7.405733177	7.439320773	7.226542126	8.838324356	7.3868408819999996	7.431707704	7.430004826	7.353760639	7.268137706	7.329018902	10.14398804	7.762815345	7.527631683	7.368691559	7.4437448575000005	7.331900702	7.50737902	7.368691559	7.384270959	7.705437922	7.324201824	9.738482275	7.403084116	7.331900702	7.285071493	9.378066879	7.334775914	7.44016166	7.739032371	7.468974901	8.029695784	7.37054026	7.353760639	7.772625425	7.308676035	7.469780795	7.348100036	7.365910924	7.322270248	7.838763443	8.158797278	7.586849325	7.473796105	7.357516144	7.308676035	7.452656159	7.396865768	7.775533638	7.376978008	7.439320773	7.61640059	7.42829789	7.932072668	8.615212473	7.289035519	7.410127173	10.838404429499999	7.396865768	7.44016166	11.51159041	7.41100282	9.115144548	10.77635392	7.437636004	12.10270788	7.268137706	7.30374355	11.81634628	7.390594896	7.297905633	7.330940824	7.36498205	7.294954706	7.46004721	7.330940824	7.349046017	7.362189541
GSM825624	9.212424888	7.408194584	7.28017465	7.329095682	7.5850103220000005	7.304427389	10.4362206	7.541643849	12.07348799	7.4367478259999995	7.546474014	7.364150067	7.724555708	7.348789402	7.28017465	8.365379432	7.231555436	7.267179671	7.322886689	7.413541211	7.428070391	8.5474698065	7.381073702	8.622550906	7.283186477	7.297314452	7.976194955	7.492586052	7.355993581	12.33410275	8.140008652	7.312088876	7.333244385	7.359063409	9.725224332	7.382047329	7.312600233	7.32598836	7.341544908	7.323919837	7.43834748	8.778900836	7.352912401	7.551946496	7.339470714	7.314392528	7.284191583	7.380097338	9.024580687	7.496331094	7.353871935	7.414425739	7.656895398	7.350852801	8.020619223	10.87466809	8.638786923	11.59776026	13.07037714	10.314055021	11.56695761	7.422280464	13.60088502	7.418810408	14.25432131	8.782844375	7.338433218	7.366172915	7.384951235	7.287210487	7.349821545	7.336357758	9.500499287	7.571369054	7.3201117275000005	7.428276704	7.423142918	7.955193182	7.610837354	7.292254366	7.241411023	8.221408701	9.329037463	7.719775444000001	8.019434096	7.320822877	7.406393511	7.305319811	7.4214248245	7.40001352	7.406393511	7.750479117	7.351883107	8.184471513	7.312600233	8.080153844	7.344653228	7.301374752	7.331169458	7.374184869	7.465716967	7.315677717	7.404582904	7.314651101	7.979046088	7.432503474	7.355993581	7.346722708	7.475060438	7.374184869	10.71440784	7.328059394	7.516890096	7.272167449	7.21975171	7.688299434	7.886084476	7.711369365	8.055525369	7.359063409	7.385913418	7.332206811	7.391626856	7.528332813	7.367181567	7.920992097	7.423142918	7.447372461	7.422280464	7.29326506	7.3419057685	8.019137481	8.338832533	8.108240532	8.03409913	7.233524838	7.352912401	7.338433218	7.345688284	7.302391581	7.329576147	7.266709930499999	7.358041497	7.3549677	7.409986294	7.384951235	7.260216318	8.587114101	7.308981360500001	7.453024738	7.45141652	7.409091598	7.260216318	7.301374752	9.707787815	7.651197541	7.472737623	7.355993581	7.3909006129999995	7.270170868	7.705692703	7.342581475	7.407295229	8.285204148	7.338433218	9.46163907	7.419680999	7.307486573	7.3034527335	9.614021515	7.329095682	7.401848732	8.296352419	7.457819042	8.242317215	7.351883107	7.315677717	7.956178952	7.430818192	7.464931985	7.3928011715	7.387829169	7.402762586	7.322886689	7.721036962	7.543027904	7.487304465	7.402762586	7.246348227	7.378136629	7.332206811	7.885712944	7.335319925	7.446559471	7.564743924	7.433343462	7.908646266	8.060572904	7.272167449	7.384951235	10.338782657	7.420549526	7.448994207	9.481604211	7.418810408	8.883561857	10.20808231	7.493336886	13.44982489	7.303409124	7.3229598955	11.14996145	7.298328488	7.256246603	7.348789402	7.333244385	7.379118295	7.455427445	7.319792214	7.452221283	7.313625274
GSM825625	10.53581446	7.353026125	7.381220305	7.322422597	7.505296469499999	7.378497418	12.17078145	7.62237347	13.18105559	7.447990786	7.349222116	7.411916746	9.867558368	7.367895035	7.379864906	7.578712041	7.264307735	7.249218847	7.367168861	7.395178678000001	9.0345532955	10.191769568000002	7.395918777	7.942255094	7.260463766	7.442968784	9.800669042	7.364243356	7.411916746	11.06709647	8.361535728	7.38272002	7.349222116	7.370777385	13.05735921	7.377809259	7.358303317	7.336175653	7.436463173	7.317164909	7.440662281	10.25507623	7.365710167	7.378497418	7.309767807	7.3299642165000005	7.304669593	7.338482871	9.691357999	7.425363887	7.3419703545	7.372204443	7.405282723	7.473984256	9.236378787	13.96640168	13.02613996	11.90192998	13.50252191	11.674855213499999	14.13668488	7.543251527	14.29856668	7.484180129	14.77948392	11.3238466	7.51223671	7.328505099	7.384553552	7.383229908	7.447082404	7.300351989	13.62768282	7.394089484	7.714966432000001	7.40752842	7.370060251	11.13088456	7.498704465	7.283564222	7.262379759	7.775074007	12.58076802	9.663869203500001	8.596572959	7.325455472	7.403000545	7.3516069805	7.3580394835	7.400680264	7.418782259	8.563143783	7.38054414	9.014845123	7.383229908	9.294730557	7.357553498	7.292561754	7.300351989	7.394701988	7.553886052	7.360543556	7.511801872	7.325455472	8.506199256	7.408084332	8.708730543	7.389722724	7.414062505	7.484180129	12.39812291	7.38844879	7.368619025	7.285620477	7.225198866	7.493876686	7.857371874	8.655824921	8.200197692	8.646146745	7.410832056	7.346929237	7.38389334	7.457456324	7.424367806	8.514850114	7.513974941	7.397124788	7.42635442	7.385210572	7.3451803325	8.090233885	9.835914963	11.67881433	12.88855177	7.284933719	7.391611443	7.369340781	7.293966093	7.324695521	7.2504743365	7.2542498375	7.349222116	7.385210572	7.317164909	7.316419169	7.270820978	8.577836077	7.336280038	7.365710167	7.487271332	7.403574598	7.353783801	7.343863044	12.26734871	9.327633053	7.481968732	7.394701988	7.4489808555	7.313449606	7.701973798	7.438804123	7.469086773	7.799881375	7.383229908	12.66223537	7.446171968	7.30394664	7.3031343710000005	9.57012344	7.360543556	7.418264865	9.654521833	7.45431182	8.252044972	7.298923515	7.408084332	8.820958325	7.398320232	7.436463173	7.3826917755	7.383229908	7.370060251	7.638139635	8.682908108	7.525229777	7.51701253	7.311972865	7.353783801	7.491677726	7.542397786	7.458802215	7.624403621	7.412456102	7.510931859	7.449803247	8.25231016	9.531346275	7.249218847	7.32621647	11.715517134999999	7.428319537	7.717718507	12.59451608	7.445716013	8.567417547	12.037614	7.481526113	12.4221899	7.416178042	7.343080234	9.78604167	7.319410169	7.246171409	7.360543556	7.408638089	7.381893352	7.447082404	7.310501486	7.341558665	7.36497775
GSM825626	9.623825579	7.440908395	8.962311609	11.09912058	7.499029322	7.438078001	8.882356368	10.35913713	10.57904191	10.249524125	7.336573553	7.823511257	12.18723274	7.361963241	8.700179221	10.53822683	12.89406534	12.65700339	12.3147785	8.275163021000001	8.225265788	9.47711419	7.885538859	9.12378124	8.918699753	8.618083053	10.57226586	10.91258117	7.908645359	9.010964856	12.09346714	9.5262085775	7.534684903	8.101215905	11.17183877	8.290349208	7.394087609	7.319682366	7.473431377	7.479095902	7.470396723	10.32163362	7.489646188	7.530571087	8.384272566	7.7093042225	7.695725672	9.531209316	11.64099362	10.03609911	7.5165338025	8.542919492	8.19888144	8.347472416	10.78824187	15.52909202	13.82856371	13.79110861	13.16499956	9.0975470475	14.25549802	11.61249734	14.32620917	8.241674722	12.21926632	12.54712051	7.587059948	12.43337248	7.739709579	7.547084999	9.089118657	9.448468909	11.38150309	7.336573553	7.9081931015	7.691461411	7.402847468	7.4297189	7.929319029	8.521876528	7.396170852	8.340003594	10.2738753	9.3741828655	7.888267105	7.900964452	7.493188124	8.0651325945	7.8148192425000005	7.421283636	8.716140398	7.361963241	7.49852326	11.859182	10.48319083	8.983784624	9.151180119	7.551236518	7.393384595	8.899274133	7.832311035	8.035237059	8.319904121	7.481722481	13.42867378	12.22760162	13.93741089	7.439027633	7.492744722	7.516936729	11.80214729	10.32932466	10.8208312	7.742539918	7.290120122	8.476619126	7.822119887	7.457454493	8.455623865	7.390528465	7.560027957	7.644079781	7.427667181	7.875056944	7.424520233	10.47785176	7.982895102	9.776717623	10.12307013	7.551236518	7.4015797580000005	8.559053592	12.49010352	10.2217672	13.61164869	12.81607449	7.511069031	8.322070491	7.479095902	7.293552266	7.403619165	10.837840159999999	9.34264143	7.750552874	7.783432017	7.568387965	8.35490448	8.75845382	7.442030101	8.105342556	7.596906903	11.20591362	8.851533282	7.678191383	9.068168533	11.07546414	10.20354828	10.23326557	8.0165654965	7.706145496	7.636982553	13.10137919	7.66681624	8.26020343	7.676295465	9.988247151	7.691461411	7.726014844	7.3789436935	10.18688692	7.599725108	8.660835687	8.48019866	8.37210511	9.274052349	7.433720747	7.903677821	8.471070488	10.0129633	8.505661711	7.4554457485	8.69961616	7.442303727	11.2688446	11.13624803	7.654496966	7.535600466	7.384601513	8.548834438	9.194169818	9.814189816	10.7626152	11.66125026	8.479873596	8.876089909	13.27284271	7.966198861	9.093712114	7.435674977	7.385357604	10.2622055175	8.06155803	7.434212081	11.55964576	10.76873086	8.958981617	12.37396874	8.380459044	12.29331526	8.84334596	7.6067363525000005	9.723300562	7.41509257	7.557710994	9.471496227	7.579109754	7.952489616	9.493686112	12.16968072	7.361963241	7.379979486
GSM825627	7.479830031	7.424881951	10.38730206	10.94347241	7.7738150885	7.431824351	8.747028636	13.75744377	7.863366498	9.276666965	7.322663149	7.633228598	10.91891517	7.685230113	8.385006568	11.53750708	14.11347039	14.01566672	13.65761269	8.5959829515	7.770675218999999	8.7380584275	8.400004733	8.964339734	8.845365636	8.344880613	7.850789494	8.939651014	7.976355237	9.047939855	12.19693088	10.0805034915	7.483397838	8.986456339	11.59537664	8.717835563	7.38961347	7.357930653	7.696035137	7.534715549	7.482507346	12.65828138	7.448720673	7.832075804	8.431917366	8.2924356105	7.717601146	8.672165029	9.856695941	8.982557527	7.3623173495	7.890904103	8.495457839	7.93499851	9.530797306	14.45752646	13.37457491	12.34120189	13.61285639	7.920173891999999	8.110987742	11.97318028	14.14131821	8.400986745	10.77775064	13.46344834	7.903567919	8.936933586	8.034399587	7.497077959	9.791557456	8.316618791	8.784512843	7.475797528	7.8372240269999995	7.527577142	7.556177449	7.332293004	7.747222466	7.882661849	7.467672218	8.561861022	9.291694264	8.702055136	8.156644855	7.724341504	7.994298118	8.381905772	8.5607960575	7.43645532	8.051019406	7.323540356	7.420440853	10.19309186	9.24424187	9.356791341	8.569336511	7.467218427	7.378634668	10.08625024	7.805331854	8.59926037	9.210208127	7.530944057	14.21806368	13.64627892	14.41891132	7.434413406	7.718615387	7.305963923	9.945680664	10.17167181	8.152303906	7.455766698	7.439472781	8.232959729	7.700182943	7.450617948	8.065721048	7.460378364	7.470841692	7.515255815	7.321785777	8.109809499	7.485175918	9.642876095	7.796666726	10.96425639	13.24897649	7.739988595	7.3722113205	7.692563905	11.11881202	7.645054768	12.22075901	12.3114577	7.439472781	8.88859725	7.558212268	7.310364623	7.465262577000001	12.239092920000001	10.11969103	8.146572461	7.626504622	8.23838161	9.841831316	8.57128891	7.514725597	8.132955646	7.667520999	13.48698284	8.319714098	7.735355559	9.597371626	8.943790424	9.639999727	7.347836477	8.429400455	7.387482608	7.98080152	11.44137823	7.655635024	10.04452985	8.252610664	10.14317769	7.787609387	7.620105635	7.465345138	10.46602927	7.897958177	8.2908076	7.504050337	7.714890957	9.213262972	7.430250241	7.646888139	9.242201558	10.65543244	8.549687069	7.5160161565	9.042023474	7.337513876	7.850789494	10.64875015	7.9251706	7.542207484	7.479830031	9.171002919	8.611256174	10.05905031	9.984709096	9.0912887	9.152140511	8.48372607	12.60913021	8.563465706	8.496570884	7.386765116	7.444878189	10.563635421	8.317031832	7.418739051	11.2807853	7.403679788	8.943077442	12.18824873	7.930368483	10.76068375	7.867717725	7.889354516500001	9.355890969	7.464945674	7.403679788	8.622651274	7.842218504	9.005544493	10.07903641	10.02144273	7.361230515	7.307724754
GSM825628	8.125922423	7.372493828	10.61946829	10.2137032	7.7254711215	7.419668577	8.395565978	10.53122524	8.98932523	9.491301354	7.319386328	7.483399628	8.609371973	7.635194166	7.886801815	9.927679983	12.01308522	11.84623059	11.62727352	7.843021448	7.946097991999999	8.834878614	7.814723797	8.404014271	10.16573464	8.069385185	7.682531296	8.94212453	7.477951567	8.046832763	11.04787372	8.9674524775	7.493500567	7.824434981	10.27337117	8.250000141	7.392995161	7.291237756	7.439957215	7.420588067	7.46125761	10.26750978	7.431908149	7.501701315	7.856190495	7.5280186825	7.541255791	8.501750108	11.31541351	9.027476805	7.4092916725	7.694919453	8.160524794	9.621935065	8.299543631	14.3290886	11.35717076	12.12873876	12.04274365	8.839071935	13.2918757	11.88836554	13.86714253	7.540871353	11.90159627	12.95974687	7.481687141	8.875127106	7.486504204	7.44569615	8.744687327	9.684070362	10.97579869	7.420129897	7.618749832500001	7.544337818	7.525653635	7.48512093	7.511520865	7.702766435	7.35103239	8.497396922	8.896957027	9.175023286	7.641344622	8.26190379	7.509321818	7.827981940500001	7.677623904500001	7.414374701	8.36605109	7.319386328	7.516316872	12.32308222	9.178366005	9.302911798	8.046832763	7.511520865	7.318550211	8.336835617	7.581296619	7.81553413	9.503568407	7.474261424	12.73629986	11.90669405	13.52186349	7.427932674	7.459678326	7.497402831	9.008423362	9.261565804	8.705912187	7.49033603	7.314397429	7.576910369	7.879677758	7.441338276	8.130811049	7.381701122	7.475263209	7.485811881	7.373281732	7.949595763	7.435304321	9.034346856	7.689550675	9.153547727	10.3044266	7.58930578	7.3938710085	7.404735362	8.634163919	8.19673941	10.94334212	12.89578742	7.420588067	8.338356078	7.472599638	7.31029119	7.359576188	10.75455162	9.268288183	7.635194166	7.560694733	7.532081716	7.922504363	8.825043332	7.367357922	7.714327867	7.446678163	8.929327027	8.098420823	7.507861035	9.904519438	9.095926547	9.078821059	8.045734329	7.7363915505000005	9.143294731	8.402270372	12.09283034	7.539719145	8.327372884	7.47094784	9.643476121	7.72753148	7.495269707	7.336403902500001	10.12274352	7.494915258	7.631918211	7.686247183	7.756758525	9.730139991	7.421944075	7.558732996	8.217014339	10.11852548	8.01060934	7.462750421	7.693680461	7.37869475	11.2068923	8.999293883	7.577706826	7.454649908	7.371702493	8.363365052	8.031025352	9.440224696	9.981300736	9.671075856	8.292344671	8.140198326	13.00338175	7.994494737	8.525464478	7.393658237	7.392995161	10.1542010955	7.718455382	7.458733773	12.79649097	9.80199223	9.316770592	10.49558153	7.872533989	10.03573074	7.713502242	7.531604775	9.986618477	7.461891612	7.322749259	7.898630503	7.532081716	7.672626564	8.956218679	10.45720339	7.332128673	7.32444171
GSM825629	7.915485892	7.417262915	8.72881707	11.08690433	7.4308524165000005	7.421774754	8.821988507	10.69395591	7.603339324	8.8531510745	7.450635687	7.522428983	11.76398426	7.454318092	8.276058047	12.03605634	13.31127343	13.32062421	12.95613907	7.462078751	7.593225647000001	8.469128946	8.206947448	8.427504636	10.12185799	9.034028987	7.907334969	8.121595186	7.449221291	8.807220413	11.86771398	10.144589927999998	7.449695955	8.796586369	9.653458949	8.549680128	7.413537541	7.304441541	7.507087827	7.447887126	7.472040935	12.74591173	7.472360454	7.732871009	8.296235936	8.183695527000001	7.658206714	9.444734832	11.07156347	8.519856373	7.4203683819999995	7.709079205	8.47425002	7.514951838	10.44812497	14.08721729	12.97174637	13.58055871	12.96394205	9.2694341865	9.075546102	12.22306963	13.39845008	7.763253511	12.96832442	12.28399557	7.600738676	8.97860841	7.552668065	7.486333575	10.07099684	9.427177093	9.150050571	7.335407886	8.349067188	7.483654749	7.534149751	7.402014584	7.670140364	9.118611557	7.597630608	7.801158522	7.757446539	8.166742759	7.705659796	7.525479691	7.750489484	8.598742369	9.0226835475	7.471088755	9.089933703	7.397041093	7.453345457	10.00027147	8.650796962	9.951481995	9.062529281	7.617010596	7.375136327	9.534741212	7.896256737	8.301118233	7.801158522	7.422128487	13.89689301	13.16568713	14.58238545	7.43477577	7.595308838	7.447763109	8.542799564	10.07115585	9.147774723	7.501274549	7.436551772	8.005902656	7.618869058	7.470773498	7.974469217	7.411782171	7.619400804	7.696569855	7.443848733	7.995077758	7.45827973	9.922154038	7.701961892	10.4906584	12.06240508	7.864984616	7.406063886	8.535049001	7.639027256	9.849439507	11.3740137	13.58146667	7.488697481	10.26592257	7.467075158	7.305142627	7.4393913675	11.673897465	11.32366517	8.242261964	7.536185175	8.985879954	8.572400223	9.065381208	8.264203574	7.905586968	7.451220066	7.382692083	8.160259425	8.185595514	9.87976911	9.30521174	9.566630618	7.537776986	8.043540351	7.427052191	7.998785193	11.85466593	7.866447869	10.70259179	8.635111881	10.62150208	7.617541163	7.707083867	7.4386286644999995	10.84444024	7.891295253	8.356669313	7.571571173	7.795312917	8.90614567	7.442621972	7.810811233	8.389955122	11.83474767	9.020663814	7.468330543	8.115620834	7.419955633	8.678450289	10.04502391	7.721949584	7.482773622	7.466175433	8.253608481	9.656558508	10.78200209	10.00748726	9.730468266	9.50003366	8.505157626	14.81802883	9.641416665	9.095828771	7.450518673	7.380669847	10.283086454500001	8.273827503	7.456325035	11.39125089	8.503444494	8.614883856	11.82914712	7.718510462	11.17808979	8.816378877	7.3991685915000005	9.019583519	7.419955633	7.380669847	7.510572225	7.646112867	8.747824192	9.405436377	10.67333141	7.271513907	7.404106012
GSM825630	7.538799345	7.387884119	13.04927284	10.27155774	8.092170191	7.781755092	10.37195372	9.914535349	7.467016212	9.0182248005	7.396860962	7.476434457	9.363379613	8.658661103	8.020718123	9.973967941	12.07993108	11.6212136	11.78151881	7.4191407735	7.428304187	7.4504237475	8.021821103	8.193666527	11.69323902	8.066090329	7.499001716	7.803984864	7.44006161	7.629244633	11.41518137	9.799749667	7.474234854	7.525088233	9.629039137	9.673119219	7.436947435	7.346207157	7.418423763	7.319399089	7.453607544	13.595657	7.407557107	7.456292943	9.415812091	7.449756444	7.413958027	8.658661103	12.53949069	8.453271988	7.3782474605	7.633356433	10.0603065	7.445539313	8.792127322	14.79859052	11.76169722	11.79740788	12.05187722	7.3894766	7.474234854	13.39310116	15.02295244	7.541000613	10.90942148	15.00692704	7.465682744	7.714504597	7.474036081	7.430400224	9.543301638	8.154922047	9.745234304	7.441987859	7.541610018	7.506354112	8.659038988	7.367622391	7.656598992	7.928279324	7.516879039	9.067427849	7.782043681	8.1363795115	7.512953311	7.546916449	7.519674727	7.979733305	8.03285455	7.437753249	8.291681282	7.39925384	7.466825075	10.37833795	9.973801424	8.660172099	7.98155446	7.454146741	7.338062474	10.05286724	7.540510619	7.424068202	8.052240273	7.432919434	12.20823627	10.52307098	13.15060957	7.453967222	7.427705396	7.399839937	8.82206011	9.186030326	8.047878461	7.419690864	7.338062474	7.635004649	7.802252375	7.488202267	9.437174193	7.468167489	7.567339707	7.492470958	7.427355488	8.644233978	7.413018408	8.832421348	7.536607694	9.060548851	10.39933421	7.584971687	7.5319619565	7.47088316	7.557421942	7.371423963	9.033925883	15.02329185	7.530331804	9.50695735	7.468360108	7.285446972	7.365780066999999	10.60837996	9.92983338	7.870850705	7.455220762	8.058224814	7.728232888	9.231482663	7.4025018815	8.7929954	7.457368019	8.657148658	7.887773961	7.643827432	9.578951821	8.338255545	8.770445294	7.399839937	7.7947724085	7.317003485	7.476233507	11.6758188	7.565548613	9.819046957	7.721648807	8.825124574	8.141649133	7.482759442	7.2791720484999995	12.42901802	7.559190888	7.479676083	7.398662927	8.116679831	11.00743506	7.339694485	7.556161487	9.433459134	10.52461827	8.026778788	7.396772872	7.788104986	7.404903231	7.328279789	10.02760707	7.530331804	7.553397653	7.312249761	9.899092137	7.487356965	11.18436266	10.20173915	8.394027296	9.922803831	7.685519882	14.99247706	8.690832889	8.001342732	7.814667824	7.439562174	8.0766836295	7.619429651	7.848701828	11.20574236	7.452703557	10.28963842	11.1852407	7.814379126	10.03860653	8.068796392	8.0891427015	9.160607994	7.621604025	7.329906384	7.468745977	7.487146085	8.290486981	9.233458508	8.12117116	7.312249761	7.338878571
GSM825631	7.943310785	7.417636035	10.23372182	10.51507705	8.055298073	7.455488411	8.234629863	11.19838714	7.586064528	8.3431132785	7.309022246	7.457796056	7.567962718	7.917971243	7.923332174	10.13400481	12.82321771	12.27149634	12.19584736	7.419360524	7.445003981	7.5570706025	7.982998906	7.987538852	11.0146677	7.805744555	8.154176372	8.850536176	7.623979453	8.178740047	10.79892556	9.406743449	7.469947753	7.810678844	9.218428496	8.744942979	7.401115342	7.326941563	7.442462012	7.368431005	7.50513799	10.8785374	7.377433116	7.435437143	7.974538913	7.64558459	7.546795326	8.489150567	10.6831476	8.923151351	7.3521966765	7.81454877	8.612743075	7.419046296	8.193761142	13.62323015	10.15545396	12.72617482	11.06129772	7.501062843	7.529002739	11.45293979	14.3486493	7.648595887	10.93578845	13.01100446	7.49604852	7.371048659	7.516502555	7.400048162	8.738301376	7.846670371	8.191171399	7.366444563	7.948282199	7.552847506	7.42319705	7.367771046	7.519154338	7.667516208	7.326941563	7.917300143	7.475616127	8.811187724	7.504001648	7.421826427	7.470703336	7.9472713695	7.648191108500001	7.401115342	8.971498809	7.352013147	7.460472558	7.608245355	9.742054019	8.313512973	8.273901792	7.479018939	7.341922136	9.319539205	7.640033476	7.950916851	9.029834172	7.339715324	12.2551194	10.63819582	13.20363832	7.413319901	7.487720171	7.421826427	8.212624652	9.629491337	7.891636883	7.561541691	7.294535559	7.519911978	7.85808412	7.380536861	8.091739004	7.344113726	7.479775287	7.616118658	7.440012254	7.821569091	7.432033627	8.472708461	7.72803025	9.770604908	9.433995298	7.668996145	7.425632593	7.442462012	7.385375346	7.327704845	10.80738032	14.16802099	7.459709373	8.297201318	7.565319333	7.290442307	7.3544388475	10.620359975	8.987748789	7.853940338	7.633693509	7.65825321	8.314310672	8.578016637	7.3603688824999995	7.885512844	7.414290439	12.01502042	8.048085343	7.450041369	7.94430453	8.073295299	8.88744751	7.43836172	7.9905766585	7.336749907	7.777359438	11.66726358	7.50210783	7.762689823	7.626596818	8.659278022	7.775931852	7.703594519	7.401090372	10.38589966	7.502865344	7.561919525	7.376805178	7.683393507	9.951011379	7.390055837	7.632200406	8.373485136	9.949023673	8.116630492	7.448800851	7.933346157	7.349166088	7.272936214	9.656899183	7.626970607	7.532789788	7.382975998	8.832793252	7.525593952	9.903895849	11.80387756	8.004306922	8.324114602	7.868753421	14.44748889	7.560785976	7.850135167	7.466545905	7.428997089	9.33517496	7.72730368	7.476750257	10.12823777	7.326176886	9.157504155	10.25809543	7.909566799	9.361009598	7.841115737	7.8080639675	7.873212365	7.497563196	7.27714939	8.587161047	7.535440349	7.874924931	9.276823077	9.877794678	7.349166088	7.345566141
GSM825632	9.663821088	7.417423541	11.58455905	11.29405615	7.5802293075	7.46071491	9.841640144	8.931707746	8.693567991	9.023988961	7.413414024	7.477052238	13.38847925	7.643913935	8.348805273	10.61063447	13.07656566	12.70384023	12.73644179	7.6189501234999994	8.673530458	9.7699906865	8.325053497	8.246518942	11.55572004	8.049329403	10.80571613	8.004191432	7.351120291	9.051406749	11.97312977	10.1124410525	7.741122316	8.737942246	10.22525016	8.734388434	7.452970049	7.339202816	7.496535945	7.445436737	7.466535629	12.94830627	7.479588751	7.539757385	8.13796855	7.772291963499999	7.632262289	8.912925242	11.88795765	9.341502107	7.508529128	7.698566738	9.190415594	8.848632462	10.16115094	15.26378952	14.05240041	13.08961313	14.02719439	9.0291542405	13.11728166	12.74229693	15.09842339	7.837293178	13.17191255	14.36250462	7.573134254	12.46262907	7.55615978	7.453214133	10.05379494	8.929865433	12.88305006	7.402376749	7.970026104	7.509595796	8.036245295	7.491630647	7.568935532	7.901203464	7.54262865	8.474893692	8.7997814	9.430172004	8.160983529	9.125772387	7.54952654	8.305317654	8.0866463935	7.426940801	8.020474634	7.826493185	7.459977564	12.79946451	10.24685544	8.821859245	8.208705819	7.519569542	7.38927661	9.131140906	7.663313214	7.933946738	8.859935716	7.402376749	13.99890944	12.65539189	14.65068592	7.414589569	7.456831687	7.47455591	10.53098479	9.589204494	7.910186804	7.431247018	7.372420268	7.920955102	7.601730759	7.726119566	8.866790109	7.435508881	7.483031894	7.739353076	7.425560234	8.038429734	7.438673818	9.612313457	7.857104468	9.797372532	12.33889373	7.708584662	7.434206947	7.451241649	9.538170598	11.10505872	12.73107496	15.11444009	7.493457058	10.24520361	7.55615978	7.329347393	7.397187485	11.942888815	11.84091289	8.129540354	7.493457058	8.135864409	8.073170636	8.600431278	8.338881499	7.99137973	7.476215624	7.461457379	8.556116347	7.582399699	10.64184165	10.55429561	9.257368091	7.689898229	7.956778035499999	7.411604274	7.895360219	11.81444316	7.6085573	11.41873008	7.600133123	11.67361626	7.69466079	7.546608885	7.4187844745	11.04717787	7.567416448	7.498403852	7.892662381	8.05454761	9.735186728	7.396480735	7.573900957	8.80376591	8.53250064	7.631434925	7.465766974999999	7.479873031	7.409737372	7.454185198	10.17907366	7.773130257	7.492237688	7.50282095	8.912393045	7.74244994	10.1185924	9.772024221	10.02162496	9.333279983	8.715904195	15.07036382	9.890911947	8.976340696	7.405825612	7.430835876	9.4121238155	7.984293841	7.500602239	12.46524451	7.626485034	9.169376612	12.21027948	7.812555896	11.28411435	7.734934738	7.7423914394999995	8.926438521	7.511563325	7.439009418	11.55940571	7.576207058	8.334897116	9.355589235	9.502686184	7.362895378	7.345163543
GSM825633	7.46622836	7.351143395	13.58824356	9.897991405	8.514211019	7.981146072	10.1255932	11.20238276	7.476731462	8.398131403	7.286300059	7.50363082	9.212667491	9.73896281	7.850884581	9.134273167	10.64673533	10.57602847	10.47772387	7.396210654	7.4528236785	7.7232629685	7.635551775	8.255675822	12.8664827	7.903465649	7.474342166	8.113899314	7.471955155	8.255675822	9.794280118	8.602904775	7.432727837	7.558391412	9.202275769	9.690774935	7.365710219	7.331866474	7.441409338	7.328580451	7.507491036	11.76544975	7.372345087	7.441409338	9.598214562	7.4704205375	7.437360963	8.43456556	13.71417023	8.605571319	7.3776312635	7.784103905	10.2569264	7.491593359	8.077468146	14.97360183	12.2468712	12.01551847	12.51650712	7.584147590000001	8.013840305	12.81016439	15.27372834	7.615704424	9.993627083	15.32651579	7.488230678	8.205568901	7.458563652	7.36496182	7.98705753	8.111155639	10.71351654	7.541390567	8.3615976505	7.574431064	7.593382277	7.450812297	7.525386323	7.64424626	7.358898795	9.900111517	9.329319599	7.5804011755000005	7.571514631	7.537507914	7.428529561	7.710528035	7.5322507875	7.380889952	9.578748414	7.278459775	7.472909718	9.353926299	10.30030802	9.196678931	8.346933038	7.537507914	7.313608227	11.59752773	8.133749351	7.709900734	7.945711808	7.370154063	10.76136584	9.297329283	11.61239858	7.43531278	7.437360963	7.418758197	9.428793559	8.822167439	7.981146072	7.547217188	7.355044374	7.579777544	7.900382501	7.425863109	9.021341921	7.404261781	7.50363082	7.536537501	7.43116284	8.864639901	7.424786718	8.728719274	7.888004008	8.417146657	10.64987562	7.500256233	7.662599885500001	7.425325633	7.392344914	7.300064789	12.12896948	15.55665503	7.46192411	8.599691326	7.430638728	7.307710133	7.341494453	9.1870566595	8.269177372	7.637968185	7.575889247	7.562279426	8.048799767	9.508815507	7.3475949565	9.283281982	7.471477957	7.84456168	7.880452848	7.422616287	9.58555376	9.911603607	8.669522473	7.407260018	7.8171042585	7.316123074	7.613280484	11.71647571	7.508456651	7.481037929	7.670244402	8.014255647	9.1691377	7.556447605	7.319650085499999	12.62745007	7.43531278	7.573458928	7.431685717	7.774816004	11.91513858	7.416517232	7.546731529	9.534727832	11.57260145	9.04429466	7.399020141	7.905665078	7.377373424	7.545274664	10.64600414	7.494959622	7.501702117	7.39872498	10.90402994	7.860784847	11.16268473	11.09437743	9.272126516	9.14650103	7.980300035	15.21376229	7.734995236	8.660673055	7.758953717	7.41931421	8.683481410999999	7.925789029	8.63817345	9.079487196	8.618922066	10.69014435	9.829426106	7.939669747	10.12212842	7.804881742	9.129969384999999	8.134522796	7.738766085	7.282824181	7.647141498	7.552074678	7.576861351	8.327721033	9.866196511	7.34957063	7.329403561
GSM825634	9.182148511	7.405614002	9.457171071	11.65297484	8.0374481245	7.440030632	8.28470673	12.55603136	9.034484799	10.098953238	7.360529088	7.63299625	11.73681581	7.404158714	8.441769707	11.70959165	14.47184884	13.83479714	13.83966587	8.467044406	8.038858561	9.5728770895	8.703963813	9.13566021	9.137598407	9.20441674	9.402729262	8.55037432	7.758419746	9.622096081	12.79033879	9.6609910765	7.541203047	9.624933409	9.903603001	9.254917586	7.393588977	7.35089762	8.184738067	7.746375705	7.455740313	10.80407373	7.371867831	7.97209251	9.013465304	8.5622966715	8.150600325	9.923470184	10.14545497	10.46318383	7.574576905500001	8.529889446	8.805956905	7.759618888	9.989418141	14.8119878	12.98130893	12.98725531	12.8895677	9.5506677415	11.19838993	12.90566502	14.85727674	8.697102651	9.721589159	13.96479539	8.099171234	11.42436825	8.316238768	7.529152703	9.319989595	9.261041832	10.44349777	7.368764988	7.4661863255	7.639931644	7.373209365	7.45622869	8.011827613	8.604983575	7.32722039	8.819903666	8.194350906	9.6372176005	7.69846501	9.136791119	7.710069781	8.172608929999999	7.9014290119999995	7.437070827	10.34980292	7.313054019	7.472740431	11.50957759	11.34906623	9.410604434	10.36793745	7.657132259	7.384642549	11.43942219	8.354950876	8.830182682	10.6199302	7.470323504	13.76738775	12.65657671	14.41259921	7.387446506	7.569103894	7.524492282	9.479750023	11.20688227	8.341432798	7.686351143	7.384177286	8.36300403	7.895921895	7.436577296	8.01419223	7.450847852	7.628645425	8.320375298	7.461590464	8.31817056	7.576788736	10.03442918	8.295384197	10.99367093	12.26314062	8.081845059	7.4483936889999995	7.474188736	8.301252611	8.51978398	12.9537457	12.11144038	7.495272825	8.842544605	7.696799891	7.292881354	7.534841478000001	12.521891369999999	10.6297502	7.953934479	7.750401058	7.570462882	9.72480701	8.225761064	7.5058304725	8.093738183	7.565928167	7.330275695	9.091895882	7.646835381	9.195267827	11.34391176	10.37611953	8.055804363	8.5474514445	8.675896671	8.957000686	12.12314356	7.622533169	8.374738226	8.74845004	10.20303124	8.147514263	7.904295364	7.5609087939999995	11.64095486	7.805270736	8.766422803	7.597834136	9.812233106	9.885286334	7.378186703	7.848830292	8.081845059	12.01753755	9.355046212	7.680485702	7.867917954	7.367885404	9.762159432	10.94162391	8.145968853	7.644681346	7.571368196	9.087400614	9.107774148	9.88608714	11.02422098	10.85424457	9.429986618	9.485182807	13.41449394	7.631257422	8.045921799	7.339615517	7.358828398	10.4080090825	9.110897508	7.433615222	11.68707556	8.0711578	9.003639569	11.59832843	8.23569855	11.68527779	8.632804474	7.4878254835	8.548480349	7.421279565	7.264332186	10.06609611	8.245281365	7.773934863	10.6589782	10.6575602	7.376820465	7.376366482
GSM825635	7.835582715	7.352186543	12.95441368	10.9460454	7.7990156825	7.547680564	8.748725843	12.39026915	7.651917884	9.1248146735	7.282808899	7.517823023	8.104773848	8.066552878	7.91765424	10.43677543	13.66588303	13.16034851	13.1939488	7.4003620195	8.041338006	8.7706863275	8.129700226	8.280860526	11.1918151	7.855879609	8.140333064	8.393230576	7.506688795	9.74440146	12.52295525	9.4585142455	7.63115319	9.061529058	10.29125189	8.87304709	7.365037196	7.314419457	7.626304548	7.537503742	7.44871833	11.60175178	7.398778345	7.757294561	9.692230689	8.0384539415	8.078726025	8.695012631	12.43391295	8.544074764	7.6632887274999995	7.724152172	9.048222679	7.608282292	8.61232788	15.90283955	10.97450842	12.45700128	11.30699794	8.317145423500001	8.33654398	13.33342282	15.76925505	8.24888788	10.23611488	14.8980567	7.552797357	8.767776098	8.025159519	7.397027844	9.283438462	8.269341236	10.34117912	7.388466809	7.7327625645	7.590795111	7.477746763	7.474217211	7.516993669	7.718838237	7.352186543	8.61767532	8.058658758	9.2285879755	7.620141157	7.901595927	7.532445877	8.212277136	7.7661855375	7.404416326	9.136330941	7.312775194	7.45608431	10.05561082	11.14427112	8.773651645	8.436333852	7.487660113	7.322609801	9.896310128	7.824302977	8.480129851	9.752636914	7.457237553	13.43661108	11.59068798	13.73978837	7.443572015	7.478140257	7.52281377	8.942076158	10.91098946	8.162905253	7.429796163	7.278589215	7.850278025	7.824737464	7.422110099	8.277727336	7.364299225	7.513683434	7.652802878	7.420226108	8.351241361	7.472655519	9.092445329	8.423684999	10.06638844	10.91741452	7.750677679	7.478877776	7.270105522	7.939468687	7.363558841	10.44611248	15.30024587	7.446357162	8.12206673	7.786757693	7.30037571	7.463645304	11.653442564999999	10.41968863	8.025159519	7.580793419	7.515750975	8.582736221	9.235834405	7.340296004500001	8.66610569	7.469157894	9.380415595	8.436018864	7.530764724	9.597950324	10.22202762	9.277256832	7.459540461	8.215981193	7.272656908	7.855449065	11.97417087	7.571701538	7.353729643	7.88970236	8.687498308	8.272491312	7.604338496	7.4811035425	11.72417591	7.474217211	7.772266248	7.495294488	8.22528973	10.74043163	7.422576283	7.60740547	8.144115216	8.830278201	7.971005339	7.570832080000001	7.906254327	7.377182331	7.50464223	9.617995786	7.913437787	7.476567854	7.535815428	10.30757304	8.697420509	10.08774494	10.91610218	8.434758282	8.786098358	9.395521899	15.2587174	7.622781511	7.673178183	7.567386911	7.390357914	8.9769127595	8.533150204	8.10013497	10.48325293	7.485665082	9.462709192	10.1677465	7.810809046	10.2938445	7.873908989	8.426611192500001	8.430022108	7.674508006	7.321793065	9.294433727	7.806446221	7.833416305	10.0790932	11.5804153	7.374396543	7.345154571
GSM825636	7.571238692	7.357251184	13.33558007	9.536456088	8.03913657	8.01217475	11.16413819	11.41399143	8.382522339	8.0495004105	7.331074657	7.507922089	9.931474224	10.08976684	7.938001202	9.341430014	10.79463607	10.54353634	11.00477269	7.573273261	8.049700257000001	9.013502938999999	7.802192253	8.185929015	13.64036766	7.814774572	9.599409159	8.132517461	7.455264532	8.242108791	10.29283654	9.008625693	7.459839769	7.50621779	10.51439845	9.830483698	7.341349005	7.30856156	7.410488216	7.270085821	7.479601088	12.08243992	7.365539644	7.453536093	9.986239394	7.461281668	7.405403653	8.689173615	14.21871081	9.527194786	7.3807577055	7.657375736	10.32828853	7.680618638	9.259701375	15.40760543	13.23914433	12.69852961	12.79654041	8.763877965999999	7.985869275	13.21217492	15.41062712	8.222107853	11.93072054	15.49704467	7.45927022	8.207280774	7.473398658	7.448298335	8.205474339	8.014686535	11.93994455	7.498839188	7.8325075535	7.603242886	7.559807973	7.409052154	7.563236809	7.531832367	7.262851738	10.23221879	9.811363921	9.0713735125	7.748577748	7.756923732	7.447122138	7.7953734125	7.63112765	7.430014544	9.650120081	7.337601564	7.462112403	10.1760195	9.769324887	8.498677214	8.077440781	7.31826873	7.301712042	8.067203494	10.01111275	7.583814247	7.605527514	7.294216749	11.30000851	10.89983725	12.461503	7.464942825	7.452379298	7.37007119	9.639758034	9.380507706	8.159663209	7.572953525	7.301712042	7.971567452	7.979241033	7.408329199	9.136140227	7.378052412	7.511332304	7.347914523	7.409771814	8.609619292	7.400148109	9.180983245	7.489774295	8.536209943	11.7640795	7.503378547	7.8033425765	7.492038689	8.106862906	7.311175703	10.09502918	15.77809233	7.401667924	7.714449648	7.43442195	7.287740264	7.332409233	9.557602056	8.083750356	7.582671052	7.596958735	7.54438542	7.889107786	10.56126893	7.3803337195	9.710030683	7.485814733	9.757450723	8.139108658	7.450053816	9.776115494	10.42751132	8.825367274	7.431284127	7.6343161025	7.298353366	7.441763834	11.66582287	7.531262157	9.768838701	7.569523895	9.74350871	9.238569	7.383221322	7.2548749355	12.88184723	7.44236491	7.604385238	7.397062972	7.581527838	11.65168749	7.420869048	7.679486999	10.40625106	9.306810858	8.110209231	7.379784320500001	7.781291461	7.351659524	7.417481435	11.91202764	7.624361646	7.496004354	7.523283398	10.55257468	7.934877306	11.47705893	10.2361822	9.084381821	9.578648255	7.809310452	14.91187019	8.0657365	8.737643654	7.847883919	7.584385838	8.891936951	7.582671052	8.005125293	11.75491622	7.577526505	10.78452944	11.86550542	8.089555701	11.57486325	7.830563252	9.1435038885	9.143949535	7.827303701	7.324618136	7.953039612	7.442964484	7.535824842	8.738279541	10.68368512	7.37007119	7.340411447
GSM825637	7.436196709	7.399761738	12.48059456	9.683402884	7.913239578	7.467735053	8.341388154	10.49652726	7.472134305	9.5751765775	7.33492878	7.509230501	7.646203526	8.19075133	8.091164121	8.803065499	11.52188757	11.35325498	10.86780483	7.4161866634999996	7.83955429	8.762941879	7.630803529	7.720608553	11.86462843	8.761799606	7.722583288	7.707229287	7.370987863	9.02391187	9.783480751	7.961773022499999	7.424349788	7.902965677	7.52220094	9.21539897	7.412023004	7.301243058	7.492927103	7.451623992	7.466633245	10.49713938	7.379768746	7.459443337	9.494220659	7.853163194	7.489654497	8.359621747	12.78616653	9.560651423	7.3344193870000005	8.013007774	9.462716435	7.454427707	7.832484418	13.69713329	11.88978372	11.43864615	9.821872291	8.606416945	9.220761595	11.34554505	14.58204431	7.780463604	9.120059829	14.48431942	7.564962855	7.407573832	7.510313837	7.486377947	8.172179107	8.19564076	12.12289474	7.403046426	10.12353256	7.590789166	7.435614027	7.331641838	7.73684323	7.773259992	7.308117297	9.222053044	7.594455713	8.692748701	7.713186342	7.513561163	7.444833789	7.4601174795	7.463069585	7.41012546	8.140197671	7.357297147	7.415778254	8.075829974	8.784954072	8.13356504	8.585796004	7.420707333	7.301243058	9.019250502	8.022668667	8.930633304	9.247280109	7.41012546	11.8273226	10.98513852	12.57955968	7.430326174	7.552744051	7.399761738	11.21358465	9.783480751	7.664542244	7.369496484	7.190897013	7.854743775	7.839933751	7.39237572	8.525190892	7.328334858	7.538322492	7.427949098	7.339819522	8.298271337	7.40239296	8.713556554	7.655901518	8.193009954	9.837623535	7.473232579	7.453568925500001	7.41886896	7.395087845	7.30554722	13.29324478	13.9893378	7.424952587	7.843183529	7.352606465	7.287298549	7.3205093595	9.8392566025	8.617553284	7.495651251	7.707229287	7.469386126	8.714343399	9.456771426	7.358901932	8.587228783	7.39032111	7.536714943	8.131608893	7.511396727	10.436211	11.70471804	8.766612091	7.425554201	7.561282587	7.266810201	7.421317536	11.19608647	7.527048128	7.490745805	7.59288504	7.901618419	8.26962477	7.513561163	7.3474540005	10.42161909	7.512479169	7.895768583	7.978105931	8.21874357	10.84208507	7.444263538	7.500004151	9.820897368	9.674798494	8.101571968	7.446176682	7.596025328	7.334108976	7.301243058	8.760276528	7.614259211	7.507604659	7.400422178	9.425873645	7.560719776	10.66458987	9.834728471	9.033189673	8.21021463	7.766995407	14.64582018	8.883612753	7.927929326	7.612182652	7.412023004	8.2637723585	7.782858922	7.729479876	7.502177946	7.458887804	10.81085567	10.49162103	7.626162699	9.639722154	8.379282685	8.504115957	8.230896121	7.48528489	7.247667801	7.401080852	7.52220094	7.518424581	7.981971902	9.143809992	7.347060092	7.358073016
GSM825638	7.57640327	7.427496321	10.03891094	11.24026758	7.4310739435	7.390912849	8.831355207	11.17384335	7.592895656	9.1502534795	7.31947532	7.534853086	9.996665291	7.508429924	7.817743533	11.92064789	12.50640619	12.22372057	12.29181275	8.5845026965	7.5661781505	8.4178655	8.367827485	9.561275223	9.709856872	7.819123638	7.521986883	8.878935986	7.423903978	8.634198215	12.47065647	9.893804054	7.36012932	7.854803986	11.50152922	9.05310293	7.312759265	7.344956078	7.430362623	7.38639648	7.486379805	10.59799419	7.398369262	7.552033709	8.562169965	7.541275337	7.572101273	8.468522574	9.716425939	9.255747689	7.337959763	7.745959821	8.681711634	7.617982689	8.512704109	15.65961868	13.26903353	13.09241845	12.30819884	9.4960253705	7.487799359	12.56865935	12.92492975	7.845236875	11.82813695	12.67658511	7.477164364	8.511267404	7.438926994	7.446741786	9.37048523	8.235811811	10.14143178	7.35218655	7.6405633425	7.566365996	7.384125433	7.38336644	7.531992284	7.463726312	7.296582562	8.637735398	7.583573838	8.463799537	8.350925157	8.187742196	7.96846028	8.789049013	9.212116191	7.424623335	10.37254208	7.350586442	7.46514009	11.29534464	8.681711634	11.49410449	7.757897324	7.584290912	7.411596771	8.709788539	7.869098711	8.043749419	7.828080557	7.35218655	13.45661269	12.10869644	14.26827624	7.378791205	7.436790257	7.447450916	8.382468272	10.10572172	9.819263309	7.492060713	7.292272995	7.902182936	7.881972863	7.419577815	8.524625295	7.405746013	7.513421346	7.583573838	7.390162432	8.700486024	7.394651651	8.546792566	8.081371956	10.65150083	12.712282	7.865701373	7.394924267	8.436178294	11.58813682	7.475040705	10.3207607	12.47382829	7.384125433	9.672309974	7.524129857	7.304284732	7.4296578755	11.27571444	10.47420052	8.23524068	7.592178619	7.789330964	8.510788208	9.012760352	7.391585923999999	8.435675405	7.525558835	11.16573141	8.147356792	7.457363137	10.2739375	9.59832987	9.796016221	7.391662367	8.728328527	7.304284732	8.370976387	11.94500888	7.475748474	7.991892016	7.932883182	9.383050257	7.960598349	7.370308931	7.3116810255	10.98695695	7.405746013	7.579271439	7.359339403	7.613683874	9.703920284	7.445322947	7.711379421	9.00303012	12.58086696	9.95469636	7.4557936394999995	8.132888224	7.387151554	7.36012932	10.7200572	7.626577046	7.61869906	7.343338893	8.67612082	7.689384645	9.735316846	9.935347176	9.865108891	8.697939244	8.259059827	13.55520294	8.627544169	8.245491116	7.356170019	7.488509306	10.5876781455	8.281979495	7.489219366	13.05973229	7.464433201	8.498760044	13.01115575	7.849340672	11.06998953	7.900168511	7.5218516355	8.062645833	7.475040705	7.295722392	7.831519102	7.801832611	8.635525604	10.15112986	11.2197635	7.364064246	7.254321471
GSM825639	7.50273436	7.416790148	11.02283523	11.26152618	7.509217885	7.458617715	8.41194872	12.19369257	7.460883412	8.0777357705	7.321854369	7.491876207	11.12832187	7.713552038	7.876530089	10.67290449	13.77373347	13.5863535	12.70333775	7.4950996805	7.853646404500001	8.9616382015	8.021754469	8.283400412	10.77541936	7.944831284	8.450856521	8.832166752	7.515800144	10.94767188	12.35700318	9.632353422000001	7.420174408	9.486361038	9.445689557	8.798927897	7.414282561	7.32774543	7.83058946	7.750733408	7.496270392	10.97641222	7.407932645	8.188160197	9.248204314	9.178461994	8.422826634	8.216814054	10.85315532	8.26679724	7.509899123	7.642030045	8.799135252	7.510621632	8.431263306	14.06889674	12.04965854	12.71960129	12.75252141	8.3753656815	7.513725572	11.91634787	14.31589471	9.066948166	12.40053603	13.53969142	8.0200736	7.5328896	8.429158493	7.44380277	9.582653511	8.09340208	9.5268273	7.586126936	7.5312473725	7.518225683	7.424323935	7.417771773	7.520309086	7.628440611	7.364006712	8.941557539	9.14230384	7.679687229000001	7.573843188	7.420646357	8.045810668	8.3649807075	8.348002579500001	7.422964826	8.74942131	7.291064077	7.406826047	10.40730671	10.03298395	9.50018485	7.962837491	7.379196697	7.360837144	10.73212119	8.150232762	9.232033091	10.49306271	7.467682268	13.86033981	13.01649889	14.77619092	7.437157394	8.121719066	7.46379133	9.01356627	10.02484748	8.435464271	7.440170402	7.449703116	8.632332873	8.102781369	7.413257479	8.239619961	7.396184665	7.454702718	7.61818108	7.498986161	8.072538397	7.528681362	10.3004796	7.916874321	9.037097431	13.83500046	7.702487294	7.4490127365	8.162447851	9.215378268	7.917576914	11.35392282	14.40180088	7.456013809	8.383461203	7.494239349	7.295192666	7.45862657	11.818607435	10.12562699	7.927043717	7.513725572	7.594471782	10.69643605	9.287552755	7.413795975	8.314939201	7.475211069	7.396184665	7.96249248	7.501369531	9.581509768	9.767328996	9.731882819	7.43905251	8.143593202	7.278727986	7.789915839	11.61199166	7.521352272	8.869084991	8.922120391	9.066073011	8.281951156	7.447309758	7.6260529235	11.41687658	7.456340501	7.705438407	7.372509652	7.623674332	9.889551271	7.48549794	7.621476187	8.085930212	9.517069359	8.356918171	7.6322401475	8.147716568	7.37476779	7.50478549	13.07605645	8.267968224	7.522396435	7.691049733	8.866107607	7.4409081	10.871754	9.376365761	8.891530836	8.54865334	9.015736379	12.77633301	8.106648799	8.014011483	7.494577507	7.409565974	10.084020465	8.934724667	7.559841428	10.95187938	7.477189954	9.283737389	10.31041005	7.636516921	11.00646952	8.032814768	7.607549871	9.915789238	7.521352272	7.295192666	7.546304746	8.051118542	8.034485486	10.083516	10.06143674	7.372509652	7.358436138
GSM825640	8.235744218	7.340784986	9.493381455	10.17597527	7.4366199250000005	7.407361911	8.660037993	9.430540348	9.216383704	9.520327384	7.258745585	7.735060169	12.27673675	7.448088754	8.619208718	9.727220201	11.75279373	11.35552393	11.20519021	8.226254840500001	7.7831412515	9.5191216925	7.805439791	8.551286154	12.03210568	8.796449511	8.674696206	7.767097878	7.458676735	8.167717133	10.91595231	8.594591511	7.649512989	7.801240826	8.193453096	7.993627367	7.304038969	7.360314371	7.521331308	7.3388111	7.481593597	9.893578758	7.299400758	7.519419976	7.905608106	7.571303197000001	7.559286114	8.89273771	11.49789225	9.242440858	7.4571545605	7.990593407	8.1980963	8.80544505	9.489839127	15.18025195	12.85311621	13.03893833	13.48641136	9.695928358	10.77751225	11.43612936	13.60397039	8.002711704	11.84035335	12.56344286	7.550910936	8.785782708	7.51276021	7.460024863	8.1402203	8.842498893	10.73148584	7.321148109	7.9018331884999995	7.607965148	7.337824023	7.407361911	7.71618257	7.770250459	7.399398937	8.705324983	9.125089098	7.759404628	7.945265498	8.364324567	7.554845607	7.747558373	7.645239871999999	7.358391869	9.945325191	7.359354311	7.467169472	11.03398104	9.506440121	9.644702637	8.380231377	7.485248889	7.395569852	8.687155413	7.657791313	7.809112947	8.197632484	7.369760461	12.30508812	11.23902112	13.33730638	7.433001221	7.463156039	7.60136398	8.762919611	9.545585006	7.942701973	7.429719822	7.280417149	7.678567176	7.864050736	7.438762752	8.411586504	7.443266233	7.479773166	7.683255519	7.366018709	7.894730911	7.440785517	9.774589434	7.851003841	8.859626766	10.6977447	7.443756439	7.4039552195	7.532391941	10.30003235	7.989075344	14.21733821	13.45376667	7.437221586	9.258452183	7.377067066	7.221652237	7.356777102000001	10.30748548	9.47116335	7.608473793	7.571196482	7.606948223	8.467415887	8.323433805	7.4642762335	7.748185529	7.465831737	7.363179185	8.745390642	7.753963318	10.57413611	12.39051721	9.688710602	7.476147023	7.855151853000001	8.154013931	7.697346019	12.53675102	7.665050627	7.742934227	7.987050145	9.809031115	7.781809338	7.51276021	7.385857205500001	10.45556929	7.534811765	7.951410925	8.788051274	7.908711339	9.127973479	7.422816069	7.710945387	8.206887479	12.02554478	9.305775228	7.5328916105	7.652615002	7.315371217	8.842498893	9.925527457	7.607965148	7.619693554	7.420402966	8.107045709	8.050197868	9.289289101	10.19178517	10.27597607	8.281934747	8.428658728	13.44848168	8.516035249	9.826983176	7.289360317	7.331906914	9.9175928365	8.220685235	7.386646363	11.90761559	8.424204713	9.824623895	12.01810922	7.927285799	11.2507802	8.030300516	7.5502181185	8.890612189	7.425751358	7.245318346	8.681629847	7.699436434	7.556817361	8.696779899	10.14757239	7.367896262	7.388320758
GSM825641	7.754212933	7.36544817	13.0417846	9.926236062	8.006602345	7.598296156	9.045562053	10.02688077	7.528846202	9.542801475000001	7.340003242	7.486872544	7.61506125	7.912701526	8.350290198	9.403870489	12.15661599	12.00003799	11.86194632	7.401115584999999	7.486281823000001	7.6781790265000005	7.802813512	7.766480931	12.31034507	8.370302305	7.623293802	7.724101007	7.540831268	8.129158755	10.28969089	9.0610355965	7.469083046	7.96056713	8.644579229	8.708358572	7.417660028	7.335348227	7.454769369	7.415754447	7.436589412	13.27707739	7.416399777	7.441715342	9.547386289	7.637918088999999	7.49269283	8.948365831	12.59484115	9.156423033	7.3653537060000005	7.80510484	9.762955613	7.4397135	8.513678099	15.12576322	11.09912118	11.60133496	11.40079532	8.107367644	7.448655218	12.48755341	15.66240576	7.557050388	9.945183872	15.35566009	7.512279821	8.804869263	7.481983041	7.434340838	9.291554257	8.452503727	10.73043317	7.445439387	8.7583388785	7.521446752	8.595470362	7.361644179	7.638060592	8.259238052	7.609524557	8.736820115	7.572818715	7.997343854	7.468580618	7.504661289	7.424175483	7.775135295	7.6318521205	7.448138395	8.044698157	7.30071823	7.457829519	9.272596207	9.409702981	7.993964953	8.690969767	7.39139682	7.427130109	9.232956449	7.558996042	7.596482816	8.250502627	7.418880737	12.59807416	11.83861818	13.27865075	7.411660012	7.443610968	7.478324079	9.228374339	10.20690865	7.606637956	7.448267375	7.370421288	7.557293182	7.686996093	7.437081825	8.943418945	7.419771037	7.600893869	7.480325287	7.428729307	8.016022783	7.427363949	9.652552585	7.573068644	8.88603245	11.26360303	7.549822825	7.470186437500001	7.288710386	7.475995063	7.452525234	11.56243714	15.54843008	7.511850632	8.963119471	7.458727187	7.340668271	7.3542974915	10.63470041	9.740692958	7.759345442	7.514652495	7.78077182	7.821718237	9.780639646	7.3548284675	8.415771076	7.434520901	7.482353893	7.951042099	8.209601736	10.35915942	9.009692642	9.277978254	7.443345175	7.576977911	7.388267718	7.504452962	11.94561772	7.601154102	7.776768083	7.532951242	8.588164345	7.841759583	7.627301447	7.354988795000001	11.42962893	7.800522328	7.603760983	7.465614519	8.116849238	10.2066026	7.420640267	7.532721945	8.888015943	9.118833774	7.622760613	7.438081028999999	7.784490898	7.417660028	7.301330139	7.934453948	7.56070463	7.720989784	7.438813123	9.494881757	7.746238659	11.03071254	10.28764634	8.731566	9.249696781	7.879460289	15.15133703	8.542210602	8.504125506	7.706888061	7.416718613	9.685066141	7.670056588	7.635361316	9.579540795	7.605329034	9.879788599	10.67353227	7.903914318	10.07679262	8.113694077	8.083985328	7.549344941	7.548629062	7.30876088	7.822863892	7.460399277	7.850627042	8.185473701	9.064701381	7.323468431	7.374665381
GSM825642	9.497611491	7.350668867	11.72226627	10.56518595	7.6299281484999995	7.411609778	8.349182027	9.50035635	8.099235444	9.497816226000001	7.320828325	7.548269875	11.17701943	7.657324048	7.822503601	10.56599364	12.31836017	11.8325672	12.20888769	7.5973885735	8.225957117	8.788788196	7.905414608	8.074375299	10.56935483	8.431720624	8.005571054	8.93430242	7.745241828	7.5137994	12.01531363	9.3722318355	7.413212688	7.524366749	10.53187096	8.817196158	7.393899068	7.339940647	7.390663802	7.339113226	7.46928576	9.171602875	7.324164699	7.357245366	8.570844999	7.345953476	7.401161579	8.889337216	11.10370891	9.146249345	7.3333109305	7.923306398	8.394112436	7.904215177	8.154723595	15.36843802	12.73507656	12.7572293	11.93787093	9.1633878835	12.35473891	12.14946737	14.26230716	7.590010089	10.64371118	13.66525546	7.352314783	9.97190388	7.452875099	7.45679616	8.151076932	8.657859563	13.17386738	7.605843164	9.392276015	7.724025349	7.39309068	7.505448782	7.588563191	7.759674177	7.328327662	8.394112436	9.840764673	8.454485838	7.718009515	7.571832408	7.5769423	8.8013398545	7.930755865	7.362984351	7.749190231	7.355603024	7.669776833	11.85200051	10.26758512	9.102562439	8.215124626	7.337457434	7.301538513	12.05155664	7.62223593	7.543070523	7.849352388	8.181586792	12.78477495	10.56908618	13.63961076	7.396322512	7.46928576	7.463052055	9.717129881	9.902323592	8.372013368	7.511526144	7.190874532	7.460708678	7.851828532	7.448945576	8.223163962	7.370342405	7.485541378	7.367074988	7.361346092	8.001038315	7.365439588	9.3793878	7.456012629	9.419501444	10.45316287	8.00839807	7.4662010595	7.455228756	8.639497476	8.320841809	12.72409384	13.29164799	7.381743578	7.813669682	7.736654969	7.289708385	7.378833802	11.0540536	9.836650999	8.380331083	7.917363112	7.438689792	7.394707171	8.783374094	7.331032521	7.479367392	7.506209677	7.701860785	8.272637974	8.364588742	12.00707205	11.09608747	9.634054658	7.437107042	7.875783348000001	7.396322512	7.342421029	12.53415717	7.464612574	7.861082151	7.363803049	8.541895467	7.753785004	7.837541249	7.2934771405	10.09345913	7.440271235	7.657324048	7.810503515	7.85368328	10.11200392	7.380930983	7.588563191	7.830665523	8.452242513	7.55788266	7.456818202	7.708608375	7.324164699	10.07057885	11.89407393	7.526622412	7.630724862	7.319158114	9.345981451	8.01178448	9.414536382	10.73438873	10.70193422	7.887940273	8.126400186	15.3475573	7.790739906	8.853979219	7.460708678	7.325830879	9.192383961	7.548269875	7.476271761	10.85723499	10.21512773	9.184444684	10.25130353	7.948047022	10.55884568	8.384016032	7.620127527999999	10.03329055	7.445007671	7.397936698	9.127611818	7.484000045	7.647573758	9.632435758	10.71836297	7.30490624	7.384179709
GSM825643	7.516470467	7.368159058	14.66952214	10.78689831	8.2658547805	7.961422848	11.11681694	11.37072676	7.502884577	9.8379843555	7.267924509	7.508487369	7.792806529	9.24792137	7.625671341	10.65052348	13.20492859	12.89219193	12.91301154	7.536650696000001	7.6557843975	7.83241476	7.970586422	8.758973247	12.82164818	7.962734447	8.17454273	9.34764778	7.533946899	8.953902184	11.76669864	9.519524242	7.317424472	8.666971785	12.15324939	9.795801134	7.388670793	7.296887979	7.601130279	7.66802777	7.473879613	11.18160094	7.334215402	7.661270886	10.92626093	8.3780265575	8.161560993	8.969213264	13.61156748	8.634271666	7.3803925150000005	7.760625963	9.913630138	7.939659732	8.041174989	15.81908937	9.94972101	13.02992338	12.06441518	7.808382014	8.77779407	13.38780362	15.41202749	8.082352137	11.03294664	15.34544301	7.618794078	8.406426086	7.820324538	7.456806372	8.474713209	8.11843536	10.08242071	7.489227602	8.620780547999999	7.619559179	7.411407551	7.383570712	7.48196862	7.618794078	7.313869519	9.636739374	8.980698955	8.4798386535	7.6620226	7.445351563	7.523634262	8.574953712	7.8244694325	7.433006139	8.928200013	7.27248052	7.473069327	11.92036251	10.85288036	9.218670725	8.117829412	7.559155706	7.350843157	9.790580074	7.679246575	8.319148113	8.507630593	7.467389945	12.84659914	12.61136167	14.03385941	7.464138605	7.663525317	7.460068064	9.830116683	10.62614027	9.348835272	7.971239393	7.282463818	7.690412207	8.051237153	7.355190526	8.661638943	7.341237024	7.547370227	7.538692616	7.422240386	8.833447519	7.392060858	8.727994842	7.877757783	9.213531271	12.48798302	7.997187535	7.689890244	7.733089206	7.913641308	7.277932737	10.00370384	15.87123663	7.408060052	8.181585582	7.795644704	7.26609891	7.3902682045	11.12243984	9.547256362	8.193264298	7.713320161	7.518064139	8.958397781	10.36597172	7.339748254	9.703511042	7.48761622	7.680738394	7.95287695	7.56620066	9.85369606	8.691204435	9.350021922	7.439600127	8.063223964	7.279746522	7.572446289	12.04212073	7.520452807	7.92168163	7.901522716	8.367295818	9.038416999	7.533155089	7.3731694155	12.64354784	7.359525745	7.588767097	7.455990201	7.763505212	11.75139182	7.439600127	7.512481989	8.636079639	10.9335496	8.544227046	7.508835202	8.246609845	7.334215402	7.34997224	8.597245791	7.852343454	7.512481989	7.528399087	11.60125631	7.93102302	11.40084482	10.64140655	9.233041745	9.182687993	8.972926824	15.19982731	7.48277616	9.291477654	8.021532532	7.367297982	9.812428897	8.169242971	8.921713297	11.38799619	7.305845383	10.51905805	12.40871356	7.902197806	10.57678831	7.930357166	8.8928539975	7.978408285	7.61649733	7.295091196	7.561506216	7.666527901	7.731630649	9.572096725	11.27699495	7.317424472	7.381013771
GSM825644	9.185029831	7.399113625	13.24176511	11.62154731	7.975249336000001	7.495509102	9.447368058	10.05597101	9.341144374	10.061639324	7.303789552	7.522316079	12.19257496	7.507168392	7.960465092	10.84687774	13.42888774	12.70234812	12.6880149	9.740508879	8.0400277665	8.658287764499999	8.251945882	8.757391269	11.43338377	8.953257778	7.88513317	7.72784379	7.424163062	8.49762689	12.71678972	9.448098774	7.538715568	7.589647808	9.465962857	9.670649849	7.426023135	7.331082093	7.512835736	7.289441379	7.437752118	11.06336434	7.332101703	7.309405561	9.435236954	7.4397059865	7.473168347	9.168985969	11.48583725	8.872027122	7.46979459	7.747813026	9.150491811	7.800061517	8.769634813	15.0720627	12.94700665	13.10787039	13.39466353	9.063410976	12.71191261	13.5654483	15.59591711	7.65919414	11.93446767	15.06654725	7.39060647	10.84800709	7.311306234	7.463223051	9.15871487	9.270772467	12.11514114	7.650177255	8.2784111495	7.515864827	7.431918771	7.437752118	7.817898403	8.337868479	7.284718928	8.721114719	9.063398442	8.158569136	7.503775873	8.91982166	7.56447093	8.309179601	7.86770993	7.432650715	7.891223784	7.28429491	7.551372874	12.08647825	10.99274236	8.982043298	8.986056179	7.340826465	7.367797388	7.921892863	7.557144689	7.548299157	7.825247999	7.311783646	13.31028887	11.80716799	14.06380272	7.402408063	7.423789866	7.429716865	9.559944088	10.14534526	8.693085166	7.492138316	7.24394611	7.49475947	7.862970467	7.363320658	8.142429998	7.399528603	7.498510827	7.299207858	7.394058627	8.513237415	7.420033976	9.495205849	7.528405028	10.2405876	11.69818283	7.842994905	7.476660066499999	8.64464761	9.515614372	7.530311106	13.36763133	14.84947455	7.429348916	8.242563626	7.808211747	7.40962519	7.561768513500001	12.33005613	11.98685795	8.579924026	7.578782503	7.469107951	7.394485378	9.093980265	7.349660346	8.547310336	7.482066698	8.234108644	8.894199829	7.853378747	10.49854142	11.96384457	9.751428933	7.364820267	8.050752576499999	7.305181474	7.481323169	12.04785808	7.58615237	8.144145494	7.437752118	9.464846476	8.137962421	7.780221327	7.3023750055	11.22596029	7.504152521	8.069711516	8.509347967	8.845220508	10.71915672	7.39702457	7.638033739	7.650569181	9.906514906	7.791121832	7.533762561	7.536038358	7.776713789	8.015697291	10.87620554	7.550988481	7.719220287	7.354200168	10.15505019	9.176554725	10.86980966	9.957330916	10.36548527	9.039639237	7.99558135	16.05756982	7.747813026	8.604579085	7.468002601	7.305647236	9.298502239	7.776323953	7.726276235	12.6670539	8.514347081	9.459733711	11.39770025	7.888560414	10.96730026	8.326160408	7.785251302000001	9.219990643	7.613794757	7.250741512	7.764619218	7.524977995	7.827566639	10.54596047	9.402294543	7.350611983	7.401999371
GSM825645	7.628472947	7.432051286	11.09515582	12.18501791	7.6171068465000005	7.484275788	9.607615091	13.34537693	10.05932397	8.9507655895	7.446838201	7.515615649	14.25168397	8.288043319	8.271775776	11.69884357	14.55309709	13.56248646	13.80192488	7.454460901499999	8.0636289245	9.5184785235	9.132262147	9.471523356	11.70805703	8.72317098	12.65579946	9.20238454	7.626783661	9.018668803	13.42136643	11.754387300000001	7.882887963	9.280210517	8.296310337	9.380582316	7.414544893	7.347150579	7.600194097	7.51887728	7.572892727	14.27362862	7.733640903	7.691699647	9.401589293	8.072335963	8.044053554	8.845398585	12.32287571	9.363562583	7.9310656900000005	7.839813997	10.47919429	7.455257402	9.986900219	14.457812	14.14562821	11.80418306	13.12855619	9.184619395	8.12106004	13.60967705	15.22957386	8.391145499	13.56954976	14.66485326	7.532538243	10.96844509	7.854708756	7.487130821	11.48555745	8.480236279	13.56170097	7.3342876	8.7409963495	7.518223543	8.073203475	7.426452283	7.821438571	8.230758513	7.652980947	8.538865316	9.33435517	7.635760832	8.015647241	9.504394574	7.862502262	9.222245624500001	10.0051140445	7.480433911	10.34392382	7.614997772	7.443558973	10.92736125	11.48370216	9.402874897	8.489465416	7.522594836	7.392917538	9.802190424	7.999449764	8.116241446	9.430811824	7.456377487	13.77118791	13.72255823	14.88098401	7.44228108	7.489799801	7.570334769	10.32375798	11.23377709	9.663664149	7.749210086	7.48877126	8.85288543	7.81947488	8.450442407	8.584158685	7.379939507	7.561775078	8.272373927	7.442496114	8.41862324	7.539919346	9.496844758	8.142152683	10.91620507	14.02238745	8.377970108	7.4779122145	7.353141233	7.635000875	10.22826196	11.64627502	15.16645769	7.613559578	10.49876725	7.847145356	7.432051286	7.7679147795	12.87402539	11.27902457	8.481109257	7.567551038	9.372245368	8.758464637	9.375665579	7.4255793274999995	8.776550174	7.415277439	10.17747225	8.459669745	7.831491753	9.876814217	10.46045547	10.09132881	7.426155116	8.406118376999999	7.337011349	9.309440918	11.96702019	7.649083283	8.837597597	7.748468679	11.57818878	8.075221543	7.617397259	7.4692649375	11.7941706	7.834430581	8.046100732	7.471492517	8.216153782	10.33995496	7.482451178	7.649083283	9.543002483	11.42623543	9.441373393	7.5843583125	8.254530572	7.460887093	7.425253067	11.58788261	8.246241407	7.893521366	7.613799198	9.626219182	8.381692671	11.48048761	10.25113073	9.695403624	10.58350993	8.890754082	14.54306217	9.570310709	9.127362101	7.614997772	7.447037784	10.3902895125	8.395574304	7.654687775	12.21337411	7.357080447	9.402281665	11.42854726	7.828306161	11.7758499	8.222341525	8.125412039	9.100621605	7.622446013	7.443978614	8.851640031	7.765270601	9.206954561	11.16297326	10.75519594	7.344462312	7.306495817
GSM825646	8.518436601	7.420975947	13.01774278	10.79465914	8.2398769395	7.614395186	10.21251882	9.882651352	7.517291069	8.8676560025	7.357244689	7.462577458	7.450032853	8.135157596	7.879258454	10.29991843	13.63952312	13.52905061	13.1516869	7.409520254	7.7591564385	8.345880187999999	7.913281713	7.922882593	12.37756447	7.946181754	8.696483914	7.623151051	7.434389901	8.615896325	11.8191446	9.855390802999999	7.536156547	8.506249501	8.140067328	9.124608577	7.360094542	7.30198119	7.514613539	7.465871466	7.43529173	12.53930685	7.481021232	7.525350823	9.683587342	7.7868543865	7.607242326	9.023294542	13.1311078	8.754134338	7.42027077	7.77179895	9.724213526	7.378314624	8.323042883	15.12658163	7.871089212	12.81640856	13.56619442	8.4713527225	7.77179895	13.22800596	14.91426499	7.740307142	11.24232957	14.93212941	7.364786742	7.460387761	7.610022731	7.394611752	9.799544147	8.099384868	10.81374244	7.515760481	7.362902024	7.510034509	7.648289345	7.42724656	7.465871466	7.673489406	7.320174491	8.837425263	7.401860109	8.6344824555	7.57678544	7.444581906	7.493372558	7.974517525	7.752328027	7.399031463	8.251302988	7.309580976	7.453413921	12.38960461	10.3794675	8.179942156	8.155419842	7.529202503	7.446168422	9.456073686	7.562252515	7.872646684	10.25385057	7.342715173	13.54048071	12.91847817	14.44549914	7.380900741	7.479905086	7.437934214	9.003086148	9.986554132	7.961737189	7.509653566	7.308626309	7.606845262	7.786897981	7.333877227	8.28754961	7.359147262	7.469177192	7.763041696	7.401860109	8.327783183	7.399747274	8.759795915	7.77975032	9.507257372	11.39653226	7.833126182	7.4925158515	7.39610913	7.353410409	7.324069732	9.262154173	15.25270383	7.3319114	8.989556002	7.559511984	7.394611752	7.461427958	11.872654595	10.67057703	7.952262366	7.54469047	7.598118993	8.220342887	9.765766327	7.349531426	9.141505401	7.424179034	7.699912914	8.082529094	7.883530113	11.26510189	8.731802025	9.1584388	7.405269375	7.92677196	7.328965305	7.700313247	11.22621073	7.492996361	7.450412452	7.756666259	9.157458711	8.167547158	7.58546083	7.4344679330000005	12.10553343	7.46148211	7.49676349	7.460387761	7.948083336	10.53587991	7.417053631	7.541971177	8.788798772	9.544592972	7.919429693	7.546566323	7.53113152	7.364786742	7.423654883	9.080931671	7.693106807	7.689503375	7.542747749	10.66192899	7.554430601	11.49153654	9.476525623	7.90287989	9.156085676	8.484784587	14.93078714	7.901722061	8.144266138	8.014555743	7.521124065	7.986537674	7.951502999	8.110785503	10.06434013	7.641498154	10.19415383	10.30398361	7.669086731	9.722783282	8.0308147	8.305725656	7.453041789	7.643495051	7.309580976	7.518056927	7.69190567	7.629925888	9.284748966	10.50279616	7.413520511	7.34173532
GSM825647	8.973492269	7.428904763	11.13668328	11.21061463	7.614658017	7.450920937	9.403154048	12.05828933	8.61189412	10.0096991145	7.360332301	7.546901758	12.90712764	7.533701021	7.923571573	10.82490238	13.40172188	13.19868273	12.88646818	9.057701880500002	7.922540206500001	9.509290971999999	8.369660427	8.822704214	9.397347533	8.935150821	7.75650739	7.665476946	7.436218702	8.20554175	12.04760342	9.2813999255	7.508707032	8.168072454	11.51955749	9.421485844	7.388513934	7.307246755	7.462771773	7.419958237	7.438369547	11.1016145	7.356664473	7.473138672	8.508385876	7.6910385715	7.544301925	9.054684121	10.67287548	9.53362039	7.469082501	7.910017149	8.925112923	8.851669563	9.888822106	15.35711585	12.74963542	12.71712114	13.17961653	9.0277508655	13.53098286	12.641071	14.56815707	7.584753754	10.93434848	14.3623688	7.453880984	11.73322935	7.526912751	7.476724768	9.692957804	8.598261171	11.95327063	7.451836407	8.0223239675	7.505402938	7.407730738	7.45939725	7.642860319	8.020776966	7.355742484	8.484163402	9.338967306	9.5861965375	7.983298318	8.389994749	7.546901758	8.591747977499999	8.7247699785	7.420428048	9.146786432	7.348312138	7.446185623	11.71403847	10.64303952	8.939195026	9.196174208	7.407730738	7.322296519	8.793697121	7.79731779	7.954001566	8.302578099	7.451836407	14.23162421	12.74364974	14.76322922	7.438069855	7.447643216	7.45501507	10.37279922	10.24512195	8.242959814	7.487464784	7.228373353	7.523043122	7.735730477	7.491107609	8.158977513	7.443393903	7.509706778	7.486267318	7.405915575	8.256491572	7.408323669	9.679781219	7.768027838	10.19152609	12.5701441	7.846561907	7.430322265	9.489401013	12.86464052	7.495764323	13.4040689	13.43826917	7.436533758	8.619251707	7.543931784	7.342700671	7.402259068	11.934053025	10.80438467	8.33951226	7.660756075	7.581175659	7.953568709	8.608349625	7.4549940235	8.10225132	7.480410596	11.38444403	8.292010679	7.467825269	11.18189212	11.17545263	9.852767108	7.430039108	8.178413637	7.377965573	7.602498876	11.62601105	7.519219701	9.975322467	7.532620642	9.516736325	8.056882948	7.747657257	7.3716372685	10.64759831	7.506719287	8.020776966	8.455943471	8.159770168	10.50364184	7.407131784	7.573292502	8.400908172	10.83715987	8.310183532	7.4528017355	8.008483261	7.356664473	8.070592064	11.60777053	7.568998686	7.523393021	7.365761212	9.514449407	8.397846866	10.30974637	10.18513779	10.39987633	8.825779406	8.226646071	13.6660374	8.829614637	7.983298318	7.407730738	7.42773716	10.0501577275	8.08133429	7.467050306	12.50894083	9.372826993	8.99402693	13.15901518	7.948803593	10.7716689	8.207856955	7.641293994	9.644090769	7.452973832	7.304669665	7.42773716	7.609458283	8.482234252	10.45151803	9.568586386	7.28405383	7.337085045
GSM825648	8.914219814	7.336378904	12.79158295	11.05515603	7.7620998225	7.536422997	9.317492722	11.55457201	8.017071992	9.464177956	7.26873817	7.706351559	11.83829027	7.819803988	8.541518582	10.66060138	13.92995564	13.68099837	12.92416771	7.5230184785	7.822205186	8.920184917	8.011418994	7.835987385	12.0042385	8.680153313	8.158432992	8.456306719	7.489945042	11.05659101	11.55267827	9.0214657195	7.778170671	10.11653305	11.18417387	8.864832105	7.33444024	7.291115185	7.82897826	7.748958066	7.454641724	11.00980044	7.316186609	8.147817244	9.850528824	9.225231416	8.385091092	9.409385554	12.59929508	10.37058958	7.491377084	8.373739903	9.435803755	7.6588192	9.267217033	15.99732883	12.07784959	13.41580321	11.86062183	9.1549316715	12.63106641	12.35895703	15.4022097	9.627479904	11.21118987	14.83361505	7.878958135	9.388065103	8.456706666	7.465409975	8.841888022	8.959498467	10.53970797	7.408811421	8.086309781	7.785746021	7.418610911	7.408811421	7.865027447	7.952149293	7.399925331	10.08450546	8.291404186	8.424586651999999	7.61893969	7.872533231	7.503136523	7.9201377075	7.642688699000001	7.398475964	9.170791299	7.328633146	7.454641724	11.11322959	10.57993621	8.456306719	9.31378814	7.609628691	7.310526308	11.11815164	8.508226043	10.17889737	11.66843782	7.355625256	14.39480567	11.6454564	14.72121447	7.428903556	7.94531632	7.442537711	9.554169843	10.74078942	7.548439317	7.43714245	7.344125023	8.162278678	7.839220265	7.688114654	8.398852281	7.384378178	7.541204058	7.559180978	7.428393	8.204061584	7.487790496	10.14683735	8.275296185	9.601347529	11.96771967	7.642453742	7.4434674350000005	7.647719519	8.054775269	8.40465349	13.09889869	15.75258685	7.475148638	8.185662332	7.470236696	7.267857875	7.3753996255	11.73387056	9.905050198	7.767889501	7.612725765	7.535471005	11.17833263	9.026457721	7.3472826235	8.827454618	7.453430482	7.374043943	8.996167441	7.720884199	10.06425485	10.68480977	10.14087689	7.590181268	7.9420751235000004	7.499132987	7.88751155	12.70198624	7.623096348	8.335287192	9.398870751	9.631857714	8.631611959	7.720884199	7.5431624500000005	11.57152006	7.517207399	8.298953179	9.387843817	8.090391473	10.47632959	7.400641439	7.782499551	8.578184746	9.857651749	8.149268299	7.5681644795	7.623616693	7.458245696	10.01759907	10.34492572	8.139088125	8.355914674	7.508532978	10.22055604	8.813205334	10.75604592	11.27998003	10.04772411	8.575594238	9.965240568	15.10063418	8.854951446	8.008330419	7.537376411	7.391660435	9.876548241	8.926106221	7.615829495	11.3766489	8.620136707	10.66050019	11.65601236	8.247624955	10.66666162	8.323125611	8.5557566445	8.561455636	7.475975604	7.346055127	8.703869095	7.921558002	7.524162013	9.444585015	12.10220277	7.337348295	7.318085235
GSM825649	8.121216315	7.360276702	11.2153927	9.528535545	8.0058074765	7.448553965	8.254775037	10.3882162	8.093082487	9.942387437499999	7.283377655	7.601977618	12.66868988	8.039174605	8.534550474	9.528711168	11.69563959	11.34933448	11.13635542	8.189137840499999	7.688920543	8.970935581500001	7.950170316	8.063653125	11.00567899	8.292448364	8.529913306	8.020743102	7.443707859	7.696695637	10.56593278	8.6423216955	7.448119247	7.555526297	10.13819358	8.091337685	7.343061735	7.327441117	7.389386306	7.304983496	7.470903883	10.41471775	7.332947276	7.411175288	7.998513879	7.4796259974999995	7.424292032	8.736074483	12.09206784	9.1878042	7.3421479415	7.945983355	8.28506554	8.256363245	10.80426486	15.32928124	13.40800007	12.77618863	13.94139346	8.0511088895	11.72563377	11.03933295	13.81169443	9.565515686	10.92993097	13.99998369	7.450712737	9.940546906	7.454123384	7.453275013	8.045432527	9.37800669	11.66254408	7.467534758	8.6061750775	7.772953557	7.312964426	7.402219221	7.554124792	7.879093517	7.364691268	8.610054951	8.774202018	8.1136674835	7.652756094	7.510592208	7.444600294	7.7893235144999995	7.6664121165	7.434908828	7.840312499	7.31834954	7.45539146	10.42244392	9.236426722	7.974690397	8.382738399	7.31834954	7.326526183	7.985715205	7.555526297	7.495493191	7.755877342	7.362050108	12.41080184	10.47258883	13.02174236	7.405512817	7.444154763	7.469216606	9.571682541	8.438678809	7.745617433	7.419370482	7.262492779	7.5429658	7.775390136	7.423757374	8.563706578	7.432477969	7.51104063	7.445928995	7.397417375	7.819086738	7.421588835	9.761603047	7.544818855	8.747064004	9.921381462	7.503006077	7.379256288500001	8.509879417	9.788130485	8.197760994	12.31450478	13.50291286	7.451569948	7.770516202	7.443259548	7.290206325	7.3713128525	10.0121233355	8.810309639	7.742684481	7.645460029	7.507459945	7.5360424	8.542796447	7.573558062	7.923073783	7.449420338	7.997145906	8.379447558	7.466276885	10.14721137	12.02035781	9.155279153	8.655661222	7.684006604	9.07908565	7.457495076	12.25561155	7.568672345	8.508870819	7.39014208	9.880947858	7.709906496	7.666888897	7.3037255605	9.964056371	7.514636425	7.839349958	10.72641741	7.944120367	9.252586669	7.354903269	7.725076381	8.07512479	8.824356688	7.745617433	7.404994056	8.076444272	7.453275013	9.886725784	9.923720779	7.5429658	7.595273092	7.359386461	8.645539791	8.435506634	8.934698073	10.38334221	10.71829287	7.790964111	7.985715205	13.52429709	7.835497564	9.418964805	7.398812824	7.338466756	9.421705739	7.545282555	7.430992374	12.44800023	10.12706349	9.959489184	11.89192459	7.980668357	10.87493497	7.874328232	7.924371106000001	9.195832014	7.41358915	7.314753618	8.189098221	7.595751338	7.705502377	8.38784339	10.48445128	7.334786643	7.398117496
GSM825650	7.542326255	7.408314957	14.35890668	9.688970142	8.005973397	7.812420887	10.09817347	10.72439934	7.517948234	9.190268258	7.285026743	7.525884353	7.419422963	8.767368185	7.955733944	9.850601276	11.36124146	11.0473435	11.41202906	7.441014002499999	7.6554746855	7.424615695	7.598590093	8.019613803	12.81888046	8.51801297	7.458156243	7.812420887	7.505324024	7.748775989	10.20644411	8.834185973	7.353411993	7.480532287	9.772664075	8.600188263	7.409813562	7.326244047	7.344740611	7.300350731	7.43805502	10.40284061	7.343867764	7.335091213	10.27520722	7.294400533	7.394555788	9.483511272	13.00179712	9.136101085	7.3261895500000005	7.875167456	9.452566014	7.584501179	8.573003452	15.37611809	9.353080655	13.68007727	11.56554333	8.1462295945	7.59986629	12.63728699	14.91332546	7.464295058	10.96711815	14.80248607	7.362811221	7.361963527	7.415015283	7.527863913	7.859531406	8.408747645	11.12030007	7.499986967	7.875243558499999	7.706198243	7.420153237	7.434524537	7.54429099	7.782897445	7.285931204	9.255521098	7.931601515	8.3714984305	7.642804056	7.416489563	7.433105924	7.7363770105	7.434063733	7.428826695	8.488642776	7.323579777	7.706804204	10.1530581	9.078020004	8.074344329	8.134688865	7.286835281	7.327131248	8.644402263	7.574841541	7.335972445	8.305704728	7.318241006	11.12775767	9.737836763	12.17499901	7.403023997	7.412794067	7.503324131	9.336868405	10.0627854	8.146703657	7.435232441	7.245760079	7.600504101	8.006186008	7.411306561	8.369811901	7.367027578	7.579354794	7.285931204	7.43025711	8.427065632	7.407563515	9.715065025	7.532475949	8.455558529	11.25049393	7.585785843	7.653916191	7.379432845	7.389061115	7.323579777	10.84703048	15.81970679	7.392211434	7.705592101	7.585785843	7.310208514	7.317337869	9.9374663665	8.9684708	7.805514112	7.979029984	7.473784391	7.493967427	9.735829389	7.323875344	8.907963346	7.497982261	7.586427885	8.170958226	7.687323441	10.0846413	10.38460501	9.410155637	7.389061115	7.660847653	7.349089858	7.533791892	12.80611211	7.531159215	7.625229883	7.879056538	8.484348017	8.324339154	7.784063625	7.2755052365	11.99895952	7.425232263	7.723697964	7.396110167	7.649667916	10.95367765	7.392211434	7.650913461	8.87006554	9.160378246	7.785229115	7.345170671	7.827302104	7.425232263	7.37286461	10.2387662	7.529182629	7.687323441	7.406810628	10.82552314	8.173789388	10.74577989	10.67491669	9.525131762	8.640496231	7.853353569	14.84808579	7.390639828	8.503393468	7.846591381	7.37203569	9.6785203375	7.54690788	8.796724319	8.971961645	7.524563654	10.11696232	10.96634073	8.227165098	10.28948224	8.224421415	8.579065394	9.300152559	7.495306509	7.252203436	9.639768447	7.51463306	7.45541542	8.231272265	11.54549511	7.337732691	7.391426511
GSM825651	8.924807403	7.402356136	13.07608226	11.40247093	7.839761972	7.577334699	8.813869172	9.987012671	10.37987838	10.017241727	7.339379624	7.54242107	11.8876862	7.901341919	7.916119857	11.13021239	12.96417425	12.75428832	12.57499856	8.259897473	8.9772094345	9.957389864	8.263872452	8.389943894	11.17505719	9.77748192	12.09962037	7.743966438	7.407933701	8.300280037	12.28084275	9.75972018	8.607197503	8.493683518	9.371267384	9.056260636	7.395365021	7.358496507	7.553435737	7.419101898	7.387266854	10.60815958	7.355879388	7.537956323	9.376150555	7.6728523535	7.832337891	9.490780549	11.72775576	9.853160957	7.7703658915	8.20690389	9.348677758	8.289245596	9.447330781	15.15177276	12.58688409	13.0669335	12.52393073	8.4700657955	11.34033095	13.04799184	15.03276079	8.133041793	11.64316084	14.87703909	7.535526847	9.645257262	7.484861183	7.505545838	8.810506094	9.582861713	12.47127391	7.41490749	8.54199271	7.558765627	7.400611196	7.97365588	7.638965736	8.519372942	7.323106963	8.953834453	9.303742811	8.980511841	7.749918688	10.33489872	7.448361656	8.991147894	7.964215725	7.361479178	8.790175144	7.320562041	7.576920188	11.13601979	11.35574542	9.941544007	9.350045656	7.752043776	7.375818724	9.243850504	8.200166834	7.756717511	8.488081075	7.392557254	13.61425765	12.26436872	14.58220366	7.374730899	7.430366534	7.78132047	9.64397899	10.4331339	7.485633143	7.399214097	7.271822544	7.678421104	7.93611401	7.369249872	8.386795107	7.392205682	7.568647182	8.048157221	7.425420584	8.134522167	7.374004065	10.22475279	7.726095742	9.74180037	12.1064985	8.18085915	7.4881258165	7.461305614	9.638998172	9.850541197	13.49365498	14.1348965	7.436778544	8.608565597	7.97044827	7.565347536	7.593760598499999	12.20558656	11.65642316	9.010968448	8.026737427	7.605271607	7.682674384	8.953395286	7.366051114499999	8.072801144	7.471850388	7.384072384	8.408393445	7.462427639	10.96194192	11.48283295	10.4934976	9.915981062	8.249699744	10.60589749	7.609885715	12.59144333	7.54486207	7.682674384	7.639388665	9.160172519	8.099777868	8.074331182	7.349691303	11.13190601	7.392557254	8.410567965	8.329328479	7.950711198	10.56350729	7.380859513	7.723967273	8.268980294	10.94879486	8.327692439	7.487252741000001	7.670769068	7.439650919	10.08097373	11.73135325	7.677145398	7.520242299	7.45387534	10.16502388	10.0289949	10.79785008	11.0981546	11.82317248	8.287566865	8.897512653	15.79467493	8.15584449	7.948688618	7.557534192	7.356627729	10.120442943	7.850754032	7.494170497	11.31864346	12.00734088	9.330440938	10.46751478	8.221342969	11.52508088	8.579581602	8.1990832365	8.220992388	7.432141151	7.260385946	8.611025158	7.589805494	7.61997546	10.57818486	11.49520289	7.365191603	7.383716356
GSM825652	7.621496708	7.405218587	11.94051453	10.04427848	8.867558295	7.498972354	9.551473108	9.683726073	8.387040703	9.0027297605	7.395300442	7.500923813	9.378949322	7.828128018	8.261046335	10.11989991	12.15283017	11.9828926	11.64693326	7.41723854	7.466856804	8.1114587585	7.886923532	8.198069446	12.00349816	8.328230778	7.685158326	7.672371494	7.467987078	8.170917231	11.18009969	9.119083279	7.684283578	8.026985183	8.920949759	8.471769547	7.413395656	7.354971862	7.462103078	7.406659963	7.467804783	13.06623188	7.434582119	7.522170737	9.121641407	7.698800987	7.518911145	9.131718375	12.63641779	9.753670856	7.418917287	7.683992087	9.025509254	7.506423416	9.079925745	14.91410114	12.31838083	12.8682927	11.6454236	8.377542543	8.584802523	12.2811318	15.25000693	7.640296499	10.97756276	15.14509095	7.441480114	7.840501768	7.487390065	7.466175221	8.979122028	8.392089184	9.400457087	7.412970135	8.987668402	7.50887908	8.404763035	7.437603275	7.628753572	8.087736788	7.618164849	8.380285527	7.491741094	8.301434931	7.515454326	7.495541264	7.461063047	8.005209797000001	8.1609978535	7.464388256	8.617841785	7.321938818	7.455004504	13.01901697	8.861424021	8.85524486	8.730372143	7.455501981	7.372758523	8.55240714	7.640579479	7.666879843	8.087736788	7.396960712	12.73919975	11.26083591	13.92597722	7.424076041	7.459350566	7.460374902	8.974548138	9.713959402	7.708920714	7.45766451	7.335521528	7.602772004	7.680497815	7.622888286	8.294977644	7.391869264	7.561469954	7.541129539	7.414652872	7.888728522	7.44275106	10.31239133	7.618996754	8.919022449	11.91567157	7.597882126	7.439171923	7.434318453	7.495754257	7.582069756	14.08693221	15.31301438	7.56972976	9.421565953	7.440160889	7.304140812	7.3738256665	10.76826539	10.74192612	7.867950903	7.564295741	8.093419836	8.005948137	9.402303076	7.3502746505	8.192130312	7.427366763	12.71153822	8.182097878	8.013268954	9.957192843	9.56601944	9.878162094	7.396411351	7.871498379	7.404730856	7.974728331	12.14673732	7.597340633	8.734681009	7.606048017	9.850311903	7.741260648	7.633525359	7.3594735060000005	11.02270712	7.670346061	7.575738557	9.975287439	7.818170018	9.596744972	7.387073697	7.6459686	9.347802413	10.64308494	8.299551475	7.4419644655	7.773595174	7.366507151	8.24092851	8.562408547	7.661407541	8.421827507	7.462626586	8.981657733	7.972657025	10.88637635	10.53696472	9.59756776	8.963315048	8.143095171	15.13966502	8.170096532	8.38487238	7.542359993	7.444575817	9.2227611495	7.72074621	7.546071918	9.032243989	9.086923738	9.859107937	10.88331589	7.810930122	10.44224997	8.520706164	8.0037869565	8.823447643	7.54731598	7.306343008	7.89083386	7.51203527	8.028149617	8.086598536	11.22281504	7.320439411	7.372073858
GSM825653	8.263663343	7.421181991	10.3508549	10.62913868	7.5286701065	7.482936091	8.960715566	10.97489745	7.885873048	9.1828626625	7.449427732	7.510928211	13.81695055	7.587703219	8.134790464	10.49918648	12.78942589	12.3947449	11.33220957	8.1370435185	7.5668177530000005	8.854481573000001	8.630978327	8.30088817	9.358219996	8.459939687	7.617368327	7.639146092	7.49628849	8.284326587	11.68813699	9.953596308	8.427014519	8.472068776	11.2636356	8.532499836	7.412969258	7.356025815	7.47340557	7.477060111	7.475836953	12.96811748	7.528421852	7.58070771	8.746359589	7.8196236159999994	7.683057376	8.663515847	9.914839201	8.768988939	7.4730412045	7.80544572	8.766891114	8.713345255	9.353572823	14.80368621	14.30477698	13.05928113	13.4153025	8.9736433395	13.76387891	12.7004857	14.61860641	7.720199454	14.42740469	13.80788603	7.579423567	12.52567577	7.669959933	7.428153147	9.726922998	8.514720484	11.5337745	7.547308696	7.6093356355	7.45556892	8.35273575	7.444738349	7.574119153	7.926572818	7.598455239	8.28805584	8.57195807	9.35024477	8.785679119	7.984352327	7.645434897	7.8942202385	8.241140402	7.44161033	7.554963665	7.467416947	7.462431958	12.70669558	9.934384842	8.830414924	8.291776671	7.501497179	7.488282452	9.622598526	7.573936701	8.02788953	9.027908306	7.36243522	13.66203242	12.17826684	14.20895855	7.376539684	7.448227119	7.451754655	10.41511813	10.22207837	7.775272971	7.402431766	7.402871743	7.862093593	7.622271417	9.396828085	8.498665371	7.447922088	7.495641953	7.790566146	7.414792657	7.99677157	7.471444996	9.37192388	7.748904817	9.577561699	11.15574424	7.615486032	7.405862793	8.99300464	11.63036739	9.200778837	13.57288735	13.25838618	7.528766826	10.04978747	7.40109427	7.325672551	7.4029870535	11.59173554	11.82559934	7.781470491	7.452609283	8.318656873	7.698510384	8.85096378	8.2383022715	7.885114521	7.498884827	7.783019306	8.121814193	8.218143471	10.71551836	9.123947586	9.001263031	7.448227119	7.863285306	7.395958541	7.494030135	11.42040445	7.688654248	11.65949558	7.603675694	11.19771551	7.676503694	7.593439249	7.4425761005	10.89190706	7.697930191	7.648680582	7.549615397	7.889284356	9.031410171	7.412222421	7.641621607	8.49770809	9.05227374	7.66746078	7.5293599350000004	7.886820973	7.350158607	11.00590227	9.879065163	7.825296841	9.155962744	7.494674083	8.715510212	8.622109979	10.27746526	9.673268474	9.239336472	8.753191827	8.160965686	14.36618898	10.16770563	7.92994005	7.577042578	7.353427938	10.207569254	8.005680181	7.416900498	13.19803846	7.477366668	8.751074415	13.11577981	7.596037865	11.81273563	8.297342216	7.4961403375	10.57033269	7.528766826	7.366833638	7.580524173	7.511429766	8.80186466	9.368878626	10.08585106	7.347528559	7.308840068
GSM825654	7.642831273	7.332247752	9.618037099	8.550865336	7.7391168055	7.387022234	7.506564768	10.13167522	7.674994286	9.099648847000001	7.464535937	7.539228502	7.601034978	7.480680283	8.063505874	8.388384955	10.1351798	9.996562823	9.251879914	7.414396056	7.389420851500001	7.5286952255	7.885345104	7.682421499	9.927829988	8.611316771	7.489179836	7.920701082	7.536626424	7.561557401	8.847895994	7.818747844500001	7.59719651	7.460256406	8.937927448	7.601754855	7.403092417	7.335064953	7.384133922	7.379356071	7.438636862	11.11292527	7.422214808	7.448739996	7.902644981	7.374716373	7.378746074	8.579350921	10.98487768	8.216677889	7.3886541365	7.747671662	7.792098465	7.411079515	8.620447943	14.32038315	9.376140354	11.69454877	9.287408062	7.473653777	7.560127753	9.941073323	12.90634526	7.470421008	9.420331988	11.52663272	7.454426381	7.625290547	7.414351056	7.382364065	7.776179543	8.392534825	7.671158426	7.30579337	8.2697959135	7.567997113	7.631297801	7.325918413	7.581382336	8.167281549	7.654840806	7.664682061	7.423603986	8.9374185305	7.536862871	7.375656166	7.384133922	7.464593276	7.4743046710000005	7.452625877	7.490101939	7.225990029	7.481138294	11.17893811	8.279577002	7.57875037	8.084185162	7.320322228	7.316147881	7.527186953	7.523421839	7.374402281	7.459133289	7.327322687	10.85131802	9.868524741	11.64035397	7.432202186	7.428538145	7.367339279	8.770460825	9.607426955	7.447102918	7.424961208	7.27400616	7.538991844	7.696537002	7.512167179	8.221155049	7.415927209	7.552512366	7.394145156	7.35115309	7.536389999	7.433082771	9.314028867	7.446154637	8.021393113	9.161424811	7.424624835	7.374674554	7.286073718	7.619524201	7.44398092	10.42830196	13.46026971	7.589524669	7.934641639	7.355278636	7.328728538	7.3637884215	9.167494149	9.202852159	7.548948498	7.445915957	7.697492916	7.383546968	8.693869843	7.391695948	7.48457865	7.423946243	7.341394409	8.019704677	8.370322356	10.35268685	7.683858239	8.699683471	7.390381161	7.6187455425	7.386450889	7.491024648	11.50047689	7.801425569	7.512634829	7.467474403	8.248830849	7.469513508	7.705850757	7.319629476	8.440162653	7.640428673	7.535917214	7.475425435	8.068853343	8.23671797	7.38056778	7.589524669	8.722184725	7.931109815	7.50190991	7.4114152954999994	7.8223059	7.310611379	7.451265955	7.839359266	7.516145899	7.796299135	7.33154356	7.802123963	7.94058817	8.496697491	10.20464686	9.030240973	7.788593631	7.621446213	13.02695506	8.134286668	8.190854983	7.413950918	7.392014711	7.692084488	7.514740697	7.413950918	10.16949648	7.492178879	8.81236771	9.110427381	7.612318025	9.551104837	8.309691969	7.435664085	7.797464984	7.342095891	7.29963339	7.584494361	7.413950918	7.733457443	7.534499381	9.629981321	7.306480186	7.343497272
GSM825655	8.603061667	7.373532126	12.84504538	10.39834955	7.8987476505	7.549143151	10.37557708	11.65354507	7.767189575	9.737203401	7.446805875	7.697026202	11.59844784	7.859119571	8.62205484	11.42355721	13.52409099	12.98499841	11.90679831	7.384449693	7.7655972705	9.263676347499999	8.317272291	8.014621123	12.5862453	9.432788753	8.158963972	7.709519521	7.456394004	9.647321447	11.66746229	10.461589544999999	7.548400136	8.807405268	10.70354648	8.974148285	7.417951468	7.340197679	7.473898151	7.52174689	7.476702755	14.34777504	7.587916385	7.715672352	10.12378153	7.7511112215	7.71503553	9.573136093	12.88110809	9.011421115	7.433754668500001	8.253179445	9.547353892	7.609875905	9.695820461	14.89838213	13.33704144	13.50730541	11.64432212	8.3790899105	8.070970545	13.28356009	15.46117369	7.802334845	10.93772489	15.3202039	7.615946518	7.834394494	7.772518115	7.46032165	9.634311402	9.120751243	9.673222681	7.46767699	7.792337235	7.512312671	9.186904017	7.379700615	7.870488168	8.9842038	7.884760398	8.689723716	8.299674816	8.819742556	7.634130377	7.542495985	7.487262796	7.632335767500001	7.5987628965	7.44823014	8.90003984	7.369080203	7.491552631	11.34421844	10.3507862	9.425970814	9.30091561	7.981358295	7.462543161	9.705937337	7.985211386	8.155977284	9.20336914	7.46741404	10.92137718	10.27806236	12.91868509	7.358571878	7.433046751	7.458633432	9.334142573	10.94699847	7.544517401	7.461920412	7.381502124	8.047814732	7.629202972	7.670911506	8.749434101	7.429192322	7.618993552	7.873640784	7.471153119	8.095608719	7.495621552	10.51867676	8.11632524	9.670711884	11.33190382	7.536304052	7.4566699665	7.446511395	7.610683459	8.694495703	11.94751052	15.47430134	7.736295245	10.31266971	7.458039074	7.382689586	7.5108972195	11.331854799999999	11.53215199	7.585749151	7.518973506	8.223247884	8.492275064	10.55087509	7.3967831155	8.756278618	7.461920412	7.580258568	8.666770532	8.809062544	8.696944728	8.757985522	9.572887536	7.422686744	7.8291933445	7.358571878	7.905026703	12.86255547	8.353920739	12.35122644	8.104267116	10.23686134	8.155977284	7.992899988	7.559810923500001	11.78615215	8.110018365	8.212427148	7.951765747	10.78841277	9.858507385	7.442157416	7.978718626	9.058446913	11.96447803	8.888026481	7.5538992369999995	7.958324413	7.325825318	7.394424376	8.575265774	7.925587926	7.818488345	7.553248891	10.27693163	10.34561405	11.36219269	10.59384717	10.42780313	9.64118719	8.898345996	15.51419599	9.527157475	7.835453465	7.938602767	7.514346785	10.1689038065	8.32693205	7.493420593	11.46372769	10.8697846	10.13601946	11.09234551	7.958119689	11.32258348	8.900886146	8.235686369	9.289119302	7.780190016	7.421713245	7.460810416	7.565176119	8.202447238	9.225222063	10.22962503	7.342258153	7.323794461
GSM825656	7.765854619	7.421471365	10.02301859	10.05755548	7.460430833	7.40932112	8.447456653	10.56109761	7.651636318	8.528304835	7.418745053	7.511639853	12.92099648	7.556765618	8.136948753	9.850269416	11.78632545	11.61935154	10.77603482	7.6426209064999995	7.822476073500001	8.6215333365	8.305956091	9.289331382	10.18320475	8.29012586	8.729604924	10.01329925	8.315948439	7.931536296	11.35647709	9.6197706945	7.468494139	7.773380916	9.568946736	8.331055236	7.40932112	7.358715378	7.431915024	7.444800429	7.528809967	12.69256316	8.483309238	7.718846575	8.505580192	7.534199428	7.572736367	8.772130366	8.84905162	8.686876532	7.4249137385	7.682451677	8.479460135	8.134299061	9.033952042	15.05913394	14.01730818	13.20996053	13.08393353	9.416564449	8.664891395	11.92868922	14.31399403	7.803431263	12.97863793	12.72932428	7.609026972	7.468743379	7.463293991	7.44506087	9.211929213	8.087574829	10.47727989	7.53627905	7.556253063	7.489386237	8.021267776	7.38878087	7.566438051	7.880559178	7.583682916	7.983077762	7.570729117	7.881360698	7.851822605	7.683051916	7.48420926	7.9996597705	8.4371374325	7.43825405	9.029837992	7.277074984	7.467498631	10.20341456	9.341821228	9.103091182	7.902335401	7.663578214	7.346237661	8.901360527	8.648782573	7.546892747	7.7950278	7.352889535	12.8318635	11.78431004	13.67130179	7.417131222	7.579352083	7.417538608	8.81496417	10.09883742	8.945315012	7.535446093	7.277074984	7.555915928	7.698977266	7.617844541	7.967059523	7.458403343	7.531845374	7.640625385	7.378095841	7.777593686	7.437966814	10.17281654	7.680951339	9.447070174	11.87990481	7.489386237	7.365209562	7.457190147	11.19446123	7.476032974	12.26722598	12.95628133	7.529085476	10.2950759	7.41334235	7.395133373	7.349673586	10.51127641	9.924568693	7.585418697	7.480104262	8.137742897	7.604339491	9.064110156	8.5425912095	7.712220105	7.435017819	10.82269803	7.919013359	8.547165523	10.3196194	8.358307309	9.192138355	7.436510245	7.9947999124999996	7.376777521	7.787216603	12.0099087	7.751394611	10.19992354	8.268281828	9.874265498	7.626992023	7.618433636	7.371511767	10.90829552	7.597621165	7.682751789	7.433175934	7.770972959	8.513564636	7.366544672	7.670460263	8.536662988	12.74099561	9.55877117	7.4614556395000005	8.125793808	7.781504111	7.50360241	9.927424037	7.637359247	7.654618322	7.41246943	8.487362187	8.227687047	9.440534368	9.971078208	9.417515724	8.473024366	8.074756116	13.28642894	9.688116986	8.998261044	7.453310594	7.365139227	9.9992643115	7.822898916	7.453067158	12.57434544	8.042490787	8.299259477	11.20872368	7.699879655	12.17718806	8.360615076	7.422493239	9.963152719	7.462065571	7.447370391	10.34381653	7.549704434	8.503261479	8.506001417	11.04154272	7.334266697	7.344748867
GSM825657	8.435191897	7.418572221	12.28737819	10.18365205	7.6671656715	7.508767019	8.998269652	11.07057834	7.632978476	9.1046858945	7.452380603	7.569190977	7.716676614	7.752156976	8.340837577	9.860477677	12.90204448	12.29846372	11.29932044	7.444423798	7.478927399	7.864269182500001	8.021363697	7.804762195	12.13761769	8.891810931	7.700255901	8.0751975	7.741062072	8.419184559	10.87518283	9.642882156	7.627977939	8.282569722	11.30928297	8.598202716	7.429158229	7.365873008	7.46488566	7.467687125	7.469572466	13.37010681	7.523979722	7.512796265	9.118644815	7.6503137615	7.596096205	9.471586774	11.20913044	9.250154027	7.4462394725	8.120683858	9.257487318	7.835738325	9.534572599	13.01615623	14.08555881	13.3520824	12.99897321	8.109458931	7.453566673	12.66655925	15.28743814	7.634170424	10.19530139	14.6560342	7.5639256	7.625837766	7.601960399	7.488534834	9.516230734	8.65906059	10.87031521	7.645158451	7.5238170765	7.565296696	8.68033872	7.402580955	7.905060319	8.425782788	7.792792245	8.342517211	8.078650838	8.9112989055	7.834076276	7.769497632	7.419470169	7.653524603499999	7.67949018	7.456799379	8.848154786	7.333365392	7.484332063	8.308428526	10.06827714	8.358672262	8.5711706	7.593055131	7.476471983	9.762154436	7.563468965	7.863643136	8.583271461	7.404879383	12.47704196	10.35538813	13.02916042	7.405442423	7.47090044	7.506869733	8.811194991	10.72914282	7.747575562	7.420789423	7.385006137	7.717884179	7.596330375	8.191308278	8.392362805	7.439440203	7.58792243	7.921511211	7.402580955	7.900176109	7.473192425	10.49102905	7.781516173	9.138083293	11.41577005	7.540247832	7.4253855345	7.325019933	7.597501731	7.933037098	11.3411126	15.27252666	7.608551655	9.642312549	7.464144095	7.393271608	7.4378576425	10.86228131	11.95187195	7.751433725	7.510035952	8.259458525	7.929584563	9.197643688	7.583196749	7.960492043	7.468439585	7.775269243	8.335227289	8.342330663	10.38553682	8.156230477	9.2497018	7.450332524	7.720289064	7.53669816	7.527463832	12.48113485	7.897847392	11.65004232	7.69518696	10.31270541	7.895749959	7.756013429	7.4753661545	11.30959595	7.836213065	7.64228836	7.501431187	9.369354671	9.173177582	7.437706486	7.823136908	8.626106849	11.40113311	8.285268975	7.501166671	7.744681089	7.378377902	7.590253284	9.782876103	7.790155173	7.758904732	7.530308682	8.894282042	8.997491915	11.06444253	10.78242741	9.187030741	8.686196393	8.257893962	15.02311844	8.81607121	8.210101535	7.741785952	7.458643817	8.636441448	7.974332871	7.480574094	8.923406804	7.412358357	9.345558608	11.31479211	7.756977299	11.34534436	8.557830652	7.5595213215	9.882833391	7.577944037	7.477054604	8.231082723	7.547171888	7.920124779	8.386913177	10.16475457	7.320086728	7.310403684
GSM825658	7.684905208	7.398429485	8.194609101	7.785181208	7.505905732	7.411094321	7.684206075	9.033931096	7.900610335	9.319783496	7.405312145	7.498883163	7.51959131	7.428342056	7.481851499	8.418045572	8.453115692	8.37742443	7.722935225	7.436120746	7.3946150885	7.688795553	7.440668481	7.553593828	9.036303103	7.465561397	7.443878636	7.350172805	7.433784493	7.665321112	7.897317013	7.5789384344999995	7.404102905	7.506390208	9.87535279	7.453798447	7.390947548	7.317502924	7.400998798	7.423834297	7.461867255	10.8153618	7.408832981	7.576547424	7.446964107	7.476042652	7.437311412	7.595555241	9.974038955	7.582754166	7.3999852255	7.44863234	7.454114354	7.454429605	7.590705349	14.79479197	13.27713623	10.93340201	12.68355186	9.779747582	9.359336548	8.747704139	11.85662579	7.528930147	10.13905151	9.646362831	7.488231837	7.633504308	7.451887702	7.30194485	7.564524713	8.480941305	7.876795338	7.322352819	9.8380163715	7.460022083	7.54306962	7.412200172	7.441032007	7.357813771	7.440668481	7.986746702	7.696086354	8.5660307085	7.565895398	7.343343611	7.382110332	7.3035473345	7.439627355500001	7.438823032	7.518263481	7.323169573	7.430908782	8.91716911	7.538003043	7.635250728	7.571043346	7.366170566	7.378249477	7.667419928	7.536991889	7.43844816	7.634901418	7.460329868	8.60567863	7.845018354	9.284094454	7.397115238	7.416465327	7.416465327	7.969293458	7.97120491	7.420491866	7.418507223	7.295236373	7.379029176	7.597289034	7.548153395	8.021808562	7.436928346	7.43498045	7.4395669	7.337380572	7.530940869	7.414363785	8.485985372	7.52092076	7.606317743	8.351034457	7.351876882	7.3504074485	7.528260629	8.476110136	7.456308822	12.1244553	10.7682033	7.400998798	7.736145334	7.35102515	7.321538489	7.285366537	7.768618290499999	7.909478825	7.385870855	7.298941568	7.57517021	7.542731301	9.384715011	7.378600711000001	7.393050101	7.420000943	7.502139104	7.481851499	9.143655557	8.886593823	8.895988089	7.679661002	7.41800221	7.4924565915	7.290138372	7.412200172	9.685666005	7.485672584	8.07438503	7.44352851	8.263225691	7.460945055	7.451244301	7.3401498765	8.901008981	7.49466963	7.416465327	7.955862501	7.639093926	7.835241528	7.427464232	7.487911423	7.819324283	9.449661577	7.587591461	7.4112070034999995	7.551551598	7.373498752	7.597635894	8.967777498	7.54070301	7.480265864	7.392354365	7.541716806	7.510990542	9.222001978	10.19602443	7.695387844	7.634901418	7.586899922	12.66187117	10.22662137	8.869922612	7.389520793	7.393740617	8.080933494	7.543408015	7.411094321	8.351034457	7.547135317	8.48140058	10.28741089	7.463712016	8.47657094	7.450921259	7.4245385375	7.648881944	7.430487748	7.543408015	7.552912814	7.414363785	7.462481958	7.490157323	8.99091217	7.387344667	7.302701178
GSM825659	8.480408345	7.404436065	14.2179382	11.29955632	7.9956098025	7.772553642	9.776925885	13.54911676	9.172714861	9.1327781415	7.298792336	7.541976867	9.833811805	8.161436224	7.991051082	11.52134719	14.28936799	13.9527047	13.73005595	7.501459436499999	8.3974418765	9.615115427	8.694888734	8.709742084	12.85641845	8.80447609	10.42850814	8.665332897	7.329905383	8.619461328	12.87333864	9.8533055945	7.531489529	8.203235644	9.539935047	9.617215897	7.459257385	7.370690325	7.529235108	7.412676835	7.385598812	11.32288949	7.370176958	7.49435063	10.57344186	7.6378624285	7.685240678	8.722626973	12.54876326	8.90888989	7.405717889	7.791610768	9.807509388	7.626429867	8.493372198	14.89372728	11.82641523	12.30176295	12.85993278	8.939610406	8.459572615	12.95768186	15.42755797	7.781121852	10.46330677	15.69442822	7.638553545	7.710032494	7.544590147	7.55203785	9.609218744	8.737227124	11.43611843	7.741564378	7.9347158465	7.502746792	7.492054836	7.73617851	7.63606383	8.003215665	7.289474083	9.163375251	8.425476964	8.100097481999999	7.769247144	7.746599041	8.308088074	8.6178346255	8.009771128	7.410103062	8.350363865	7.306499946	7.463530601	9.618172999	10.73133634	9.693839565	8.903653931	7.712083411	7.408372963	8.896591394	7.748943734	7.780464226	8.059933126	7.360273644	12.817458	12.22372284	13.83212545	7.421916213	7.447164059	7.512246461	10.77495942	10.67694414	8.411941886	7.802687351	7.237049949	8.038047621	7.785390479	7.399985006	8.197113355	7.402221034	7.52358802	7.580452505	7.478226617	8.501815884	7.377274736	9.92973463	7.688704046	10.58350018	10.92625642	8.365354652	7.52346912	7.46120082	8.559899656	8.448288933	12.38413811	14.92831787	7.382699068	8.361677855	7.619979983	7.272734563	7.5718152414999995	12.22604034	10.76801785	8.562130795	7.641749794	7.519058984	8.436265964	9.974919545	7.3141205545000005	8.823185934	7.538237679	9.336903392	8.628236025	7.642814008	9.184349791	11.69434586	10.00097375	7.426842385	8.163099404499999	7.446380032	7.545709079	11.40737806	7.511867319	9.086975114	8.039177162	9.318427455	8.371082495	7.633570833	7.3469537575	11.6356296	7.509970555	8.355222694	7.4561442	8.185826247	10.96930476	7.434110647	7.63535188	9.196040088	9.76342433	8.557055494	7.533511367	8.257033747	7.371714305	7.484768035	11.87778298	7.581185095	7.633927176	7.385598812	10.50438919	8.739587173	11.9022942	9.801227018	9.63499241	9.35193638	7.939381134	15.86476501	7.695955994	9.575535029	7.85546667	7.350707182	9.3235349455	7.921291297	7.792917515	11.46377823	9.608470394	10.53553668	12.13822952	7.759623454	11.71028098	8.220200671	8.7185297565	9.142554427	7.742236481	7.225847218	8.810216025	7.601948632	8.053230542	11.503295	10.38494922	7.318994107	7.421087989
GSM825660	8.879116245	7.439448926	11.71250044	10.03829927	7.6246833165000005	7.4859355	8.154353776	8.589466385	7.68444394	9.802338129	7.292308607	7.499718231	10.2718701	7.497271782	7.932927877	9.38334228	12.2920722	11.63943687	11.64387851	7.715462939	7.704263275000001	8.751723938	7.84520703	8.205951173	12.08310034	8.447031116	7.569375281	8.062708326	7.369554993	7.721226864	11.18145803	8.718586825	7.461742628	7.862655099	10.1233257	8.42251552	7.393067252	7.316750146	7.529921097	7.33293027	7.330879368	9.405916763	7.343232486	7.368574531	8.411422083	7.621705382	7.516172285	8.723444208	11.16349058	9.141407539	7.450645389	7.70703912	8.203709013	9.66238542	9.059251835	15.12979017	13.73231887	12.54156126	12.36895322	8.601919350500001	13.108258	11.74746722	14.46530598	7.671171846	11.15486424	14.14989037	7.46408912	9.094876815	7.408484577	7.407272884	8.413058424	9.274451986	11.60240707	7.373919457	7.5750166505	7.477525128	7.412086704	7.45591032	7.629757232	7.670729782	7.283639997	8.914111394	8.80412172	8.104119673	7.603967054	8.070379006	7.535797243	7.800253121	7.598186093500001	7.416037337	8.057443582	7.317743219	7.405648072	11.87070304	10.10595241	7.943996949	9.097194807	7.444775214	7.421492927	8.48746913	7.712359098	7.885659214	8.24285582	7.338591185	12.15227695	9.822794439	12.81043439	7.3786674	7.455523257	7.441349375	8.472742327	9.353670324	7.66807792	7.393067252	7.271301669	7.570233613	7.902495443	7.342201094	8.217855579	7.41682167	7.458625955	7.386462435	7.433748723	7.935485977	7.380533473	9.27125721	7.496457617	8.970888087	9.942075939	7.56680251	7.418797161500001	8.288149784	12.40594091	7.310846294	11.97944669	13.5556635	7.37247366	7.834705719	7.453977245	7.290463814	7.4014751225	10.60207997	9.667337947	7.623620151	7.47315298	7.383751138	7.94612079	8.968601615	7.4998406815	7.831638544	7.56380525	7.392200087	8.469275452	7.375355684	10.07973844	9.520809115	9.232780567	7.411688776	7.696860692	7.322747468	7.445919345	11.10945595	7.477126695	7.814077314	7.772173495	8.82006831	7.896461009	7.586608344	7.3038417045	10.23197594	7.446682875	7.819351608	7.659686724	8.807171824	9.664718011	7.372956631	7.59353794	7.557825127	9.347416081	7.771731238	7.5871509894999996	7.412086704	7.401120925	8.816286338	10.58435227	7.577974756	7.577543949	7.342201094	8.778468385	7.967692227	9.591776927	10.2132601	9.534823397	8.080829205	7.883494954	14.68135624	7.803514667	8.146630649	7.269153367	7.309871432	9.386672939	7.863960818	7.490777319	12.3962992	8.87353057	9.267867278	11.39940751	7.723443877	10.51923792	7.713245827	7.8357148765	8.20520414	7.428412431	7.274773659	10.24399429	7.516586701	7.454749802	9.31301439	9.401255365	7.358087507	7.388690632
GSM825661	7.507785101	7.373121619	12.576876	9.185567578	7.874122226000001	7.526067329	8.733605652	8.988395361	7.461571007	8.588218246	7.34967486	7.487869837	8.146119692	8.049920334	8.259559261	9.132396815	11.64935073	11.470453	11.02777783	7.404275766	7.447741539	7.676549981999999	7.760513782	7.908196982	11.088316	7.926002281	7.616637069	8.039420241	7.517412473	8.011853688	10.64030118	8.878144975000001	7.436755342	7.529779901	8.825077919	8.218707513	7.388611556	7.368425127	7.419013098	7.329354293	7.452874592	12.23106887	7.383993132	7.619837004	8.586699761	7.4914140015	7.48346324	8.551113989	11.71236439	8.462607612	7.393740278499999	7.66875453	8.433363917	7.446252642	8.644368848	14.60714897	10.80639275	11.97497413	10.61983591	7.6319088	7.604557887	11.46090374	14.65370803	7.558525663	10.87118181	13.97024635	7.638498997	7.631878395	7.485665535	7.47613789	8.571190987	7.991353338	8.965899852	7.36087649	7.4134080860000005	7.547122331	7.987599844	7.469324926	7.706174043	7.716467266	7.586023025	8.226311975	7.624018286	8.623794331000001	7.594431557	7.317639969	7.437286832	7.4710838595	7.4605533085	7.507045408	7.563979068	7.305980644	7.532008234	11.9468667	8.951769815	7.756286321	8.057552349	7.963427639	7.35700544	8.455268244	7.716945046	7.447986707	8.631230911	7.391718927	10.58974947	8.925605369	10.56951494	7.394303703	7.423396323	7.375165331	9.020248454	9.349836257	7.538943908	7.439909173	7.349104367	7.462538212	7.732187217	8.143649083	8.170807276	7.359776529	7.54885751	7.494248301	7.425210371	7.859797586	7.432684908	10.92590542	7.463990142	8.313304309	7.827985388	7.452389165	7.4094726345	7.456501835	7.909069532	7.510991967	12.58965106	14.26377275	7.679667014	7.802586536	7.419652877	7.290892777	7.3624125540000005	9.647702423	9.333292756	7.539191683	7.457949339	7.633595875	7.840454792	9.152457477	7.3870221019999995	8.096569203	7.435953405	7.643151353	7.982163847	7.83275552	10.31201889	8.70059528	9.11794884	7.427573965	7.6280010375	7.288577082	9.328786194	11.84510365	7.697526228	7.678214234	7.61959093	8.923376827	7.57265239	7.511485543	7.314215783	10.60949342	7.742612515	7.64192759	8.478575407	10.03241297	9.4485969	7.335796291	7.603570672	8.53912504	7.623034794	7.611217131	7.477663746999999	7.800052675	7.364685293	7.423701229	8.001737403	7.58255822	7.581568041	7.397641987	8.846124057	8.227395369	9.82261532	10.22758381	8.421579422	8.488571107	9.207085449	13.11678495	8.11370536	8.859111683	7.449707149	7.378672582	8.6353139875	7.581815595	7.445004275	9.354377958	7.401257072	9.47068132	10.21723848	7.836155889	9.2656429	7.7731496	7.9321142155	8.04931633	7.488359945	7.395569757	7.505073572	7.407709407	7.58627046	8.303353337	9.433944293	7.352514017	7.339295669
GSM825662	8.897848796	7.423188674	7.780561076	8.637748203	7.393952796500001	7.296290602	7.474380388	8.050930718	7.544517879	9.229062043999999	7.352059487	7.571016003	13.86980322	7.404129558	7.961299824	8.773600064	10.25825664	9.701524276	9.84411752	8.2160121135	7.757864054	8.6092882615	7.54340131	7.468963512	10.66108468	8.624414096	7.430388852	7.454386947	7.374973403	7.739025906	9.592160657	7.901602051499999	7.516609317	7.467843243	9.77347854	7.455297748	7.386987467	7.336329611	7.366452062	7.355420019	7.45143469	10.02365583	7.355420019	7.433134149	7.465286834	7.439126979999999	7.417882329	9.104819335	11.10188461	8.87085343	7.363429407	7.943202624	7.479677121	10.08912873	9.705983875	15.4685297	15.08189977	13.23422779	13.06937008	8.991901122	14.70169784	9.936850653	12.90298217	7.465286834	12.77122564	12.99400344	7.489633302	10.18410812	7.39942542	7.423682166	8.037274683	9.558118108	11.54067224	7.451725293	7.540140545	7.562212135	7.464928315	7.40182529	7.589042256	8.057407974	7.535131154	7.831154523	8.301103371	8.388714559	7.716712294	7.506567833	7.327498195	7.451627627000001	7.435653798000001	7.464928315	7.407767484	7.286407853	7.488739324	11.21259123	7.993242447	7.727513044	8.486907924	7.322117198	7.366452062	7.67528508	7.543959197	7.465286834	7.456849145	7.34193336	11.24756946	9.057482383	11.71499716	7.39860359	7.413098088	7.456535242	8.986108725	8.644144788	7.456849145	7.353181319	7.286407853	7.422688768	7.808586235	7.461437468	8.302809696	7.41555455	7.711999018	7.434972415	7.411166572	7.459098639	7.431195298	9.249546257	7.45260247	8.025512874	8.495962311	7.450855766	7.3659652445	8.247284097	9.69256826	7.490532459	12.16266811	11.8467968	7.471633612	7.783976101	7.362079067	7.360976554	7.296373911	8.884147705	8.623028175	7.450567308	7.516609317	7.472021369	7.460090213	8.660473769	9.074999974499999	7.447416983	7.450855766	7.362079067	8.286237041	8.128757471	10.51972172	11.11448245	9.251410815	7.652297242	7.436626038	7.663419925	7.340809614	12.3007095	7.627776037	7.462121735	7.429563545	9.833963606	7.466372471	7.631613268	7.274301653	8.166640556	7.642557802	7.720083559	8.478814898	7.556427643	8.323700868	7.272269301	7.587216227	8.975434079	7.4315917	7.443060312	7.405499382	7.570424514	7.440938194	8.055466555	8.116183146	7.473983386	7.921646724	7.297218884	7.467104559	8.877547477	7.844823637	10.84234501	9.327233955	7.517636252	7.660795195	11.52411157	8.478307677	8.24669572	7.294449142	7.388879175	9.7660568475	7.442761899	7.417312026	12.94595649	8.215819308	8.627643128	11.86955973	8.153060223	10.3818135	8.07737953	7.3352748645000005	8.144369533	7.412462949	7.331886563	7.650343519	7.440001247	7.529724178	7.799012324	11.12049622	7.261587546	7.346435396
GSM825663	7.811269236	7.414600182	11.29343573	8.747030716	7.555236434	7.417480382	9.292878484	8.410652873	7.459651368	8.742331895	7.328824128	7.465147345	7.76109353	7.715949358	8.003317762	8.881567512	11.0623417	10.23826903	10.35130897	7.3964073905	7.659970998	8.062407065999999	7.614414807	7.835269121	12.5166616	7.923838133	7.463050843	7.567766162	7.418593569	7.438242062	10.4881785	8.834325158999999	8.946476725	7.348984331	10.95043835	7.875016746	7.397772266	7.308182662	7.432889022	7.306404595	7.456477199	11.70745621	7.338721117	7.385331798	8.263074627	7.348675562	7.317052767	8.361520383	9.918276227	7.77134052	7.3780013505	7.520016761	8.126459002	8.140253311	10.03331223	14.99901197	14.48810465	12.62711616	13.51212525	8.640665964	7.790595289	11.64722326	14.83714741	7.436029086	9.556315791	13.23330217	7.460403416	8.090200683	7.410318014	7.446581114	8.516322362	8.726245633	10.42026383	7.760361423	8.12378064	7.475244998	7.853620765	7.356746718	7.574890225	7.911995347	7.491540909	8.54135238	8.259476887	8.3505618075	7.844695065	7.393032305	7.45005188	7.416092829	7.458370192	7.471520577	7.381213949	7.343886954	7.444550692	11.44515531	9.357209141	7.68407529	7.796194562	7.312917542	7.360001084	8.805596111	7.489902849	7.337565196	8.510135391	7.309959367	9.972465563	7.889854161	10.67495911	7.406731695	7.418317288	7.512065337	8.327877671	9.175688279	7.415769348	7.418868523	7.27716121	7.385778654	7.668326543	7.578584207	8.419944888	7.366359772	7.52023308	7.374977384	7.427968773	7.723508972	7.418593569	9.214945537	7.460403416	8.376878833	7.820735195	7.402578077	7.3985013825	7.329995684	7.973297234	7.379804075	14.15203697	14.50077856	7.494009125	7.829460055	7.387106005	7.286753077	7.353541301	9.2596028185	8.894801643	7.491540909	7.450234097	7.577197643	7.319412536	9.249986374	7.4143367935	7.561826523	7.431587378	7.570977958	7.905819867	8.139609024	10.67617671	8.258075651	8.747479763	7.436841797	7.5143357825	7.34044985	7.336406702	12.01903039	7.646870118	9.886730698	7.388844405	9.163148876	7.558415242	7.472888163	7.286152772	9.626043238	7.618444974	7.552079197	7.434163611	7.973994051	8.791214804	7.327064145	7.530040794	7.748157602	7.454627	7.454811446	7.4124786925	7.498984594	7.389273306	7.66059587	9.344423938	7.470158402	9.968061276	7.314099772	8.519920948	8.405346045	9.152058048	9.683184873	8.669388359	8.00102143	7.539317185	13.6651429	10.77819039	8.308565165	7.488270821	7.352893228	8.590224024000001	7.419685529	7.444178749	10.98325663	7.576504953	8.713926538	11.33440199	7.836236685	9.143277045	7.98164664	7.423782748	8.876717105	7.500654355	7.281962529	7.588099744	7.399286319	7.785967329	8.438914473	9.675195877	7.31173472	7.290936132
GSM825664	7.472201759	7.399545624	7.873265362	8.003911883	7.6618965150000005	7.364565523	8.242181093	8.561820746	7.446865707	8.4790284765	7.331179817	7.47127814	7.862867489	7.460488562	8.019679143	8.234595596	9.595390561	9.398672241	9.084777173	7.3856354345	7.5407097775	7.4633942675	7.56033056	7.622877095	10.91020505	7.925341389	7.461402157	7.724919024	7.42847882	7.746478632	8.891991349	7.8234124675	7.924647994	7.465524265	8.702800037	8.4615194	7.428734858	7.332259276	7.368826652	7.373430778	7.432009244	10.69398962	7.35921741	7.467361937	7.546487179	7.3622812060000005	7.387931671	8.205871382	9.900565865	7.848627081	7.4262508545	7.56764263	7.458664077	7.410781356	7.762347319	14.57987517	10.14071096	11.24522461	10.18289863	7.42760869	7.387931671	9.358478357	13.6146571	7.544549995	10.31050433	9.085008096	7.514264624	8.798686805	7.406325719	7.325203766	7.628054994	7.918398397	8.995221362	7.32574954	8.0255746855	7.556680959	7.433734121	7.357236882	7.555951582	7.67074966	7.686289424	7.678891312	8.487519507	9.1276655705	7.453892353	7.352715802	7.32738403	7.381996300000001	7.4502895525	7.451175464	7.45094911	7.263396113	7.466442675	8.532315739	7.974497371	7.705995042	7.585007589	7.416489416	7.294571854	7.738158397	7.499547719	7.391453451	7.471508969	7.321920015	9.91567481	8.636347611	10.72317858	7.401634061	7.438539058	7.365044237	8.179444455	8.721051336	7.438302603	7.430761341	7.353222414	7.382610145	7.608097706	8.833074074	7.919788599	7.356738908	7.496008848	7.435193567	7.422945856	7.53874772	7.394849528	8.703819382	7.493184265	7.815138337	8.05843986	7.379195233	7.332744079499999	7.349141206	7.880567611	7.358724004	11.09450206	11.48469756	7.473820034	7.566666742	7.311426387	7.318621691	7.285883274	8.551221782	8.704983567	7.480317159	7.421028533	7.563984522	7.498367107	8.224817138	7.3612982675000005	7.383863476	7.413229813	9.304594621	7.766488826	8.027846467	10.67177552	8.127329885	9.461143756	7.408899298	7.5666432530000005	7.356738908	7.406651547	11.92743912	7.608097706	7.407942978	7.542372483	8.037514556	7.458436272	7.405998687	7.3161759515	8.038610138	7.489661947	7.447548181	7.427189055	7.674944261	8.003911883	7.352715802	7.469663772	7.664579881	7.859550998	7.465065382	7.3749052645	7.723200744	7.34447686	7.263982788	7.723200744	7.500965737	7.62238408	7.259868918	7.532719325	7.430258259	7.763565802	9.180356489	8.54729601	7.731787514	8.455419968	12.23520882	7.910970556	8.861211172	7.333336323	7.393731083	7.6009287655	7.479386697	7.447320807	8.639985447	7.307524573	8.805950496	8.845401762	7.614499069	9.375253722	7.935487898	7.353824875	7.538023448	7.436157535	7.311426387	7.452986311	7.37962777	7.564715819	7.500020237	9.666629901	7.284296554	7.302480125
GSM825665	7.770142027	7.407620057	8.188542763	9.934515523	7.640997403	7.383349575	8.40233913	10.92787749	8.812197846	10.4557840295	7.393100656	7.544704331	11.38879315	7.845965771	8.220104797	10.67150486	13.56228506	13.19346735	11.86178378	7.5546092085000005	7.817778776999999	8.996049615	8.667237021	8.592965274	11.50791221	8.294317926	7.892539436	9.438507032	8.152029045	8.32112237	12.07870786	9.871071855499999	7.622924621	7.595349474	10.5324062	8.072804239	7.422670397	7.337845846	7.384874725	7.386377877	7.428968275	12.40521125	7.507772421	7.498535616	7.877875144	7.4017064795	7.426505996	8.928353938	10.0939246	9.162627191	7.4242954975	7.979142669	8.104087034	7.966850026	9.446727224	14.22830893	13.34738781	12.41100459	13.08797699	8.8055726085	11.21773546	12.1699875	13.65851385	7.979972891	11.52898196	12.37641196	7.527744382	11.01985283	7.432534246	7.45372017	9.129836617	9.03870976	11.53847424	7.455709746	7.6817651235	7.635412685	7.776856536	7.406032517	7.902757208	8.157059461	7.657576657	7.861100746	8.803130649	8.2961371165	7.832062494	7.632967668	7.555662886	7.849470462999999	7.6580620475	7.427437801	7.635412685	7.365330776	7.466388231	11.63656228	10.69527567	9.005357224	8.914314418	7.578271084	7.340281425	8.683086186	7.653448201	7.471860518	9.420009152	7.384368751	12.92962343	10.90722109	13.29403656	7.398937221	7.399370925	7.442756807	8.536101071	9.364988262	7.471611658	7.461915395	7.273437227	7.555413998	7.664121801	7.623415201	7.990729169	7.459680658	7.562876755	7.505275737	7.37156214	7.715214413	7.406830018	9.613023391	7.53323392	9.883498578	8.448421513	7.597325437	7.390227627	7.44116407	8.453339019	8.186719338	12.43758747	10.53429578	7.61948867	9.074300976	7.449457477	7.292987067	7.4549162419999995	11.431117535	10.84255713	7.670652158	7.477338033	7.675720905	7.669927303	8.41245363	7.570164322	7.563871155	7.445885039	8.398211172	8.493326176	8.001212806	8.668575017	10.89701709	9.231026664	7.424610506	7.8250718035	7.326915582	8.005101885	11.84187877	7.697098299	9.881259431	7.450214587	9.829986391	7.521254624	7.736495503	7.544969850499999	9.058543866	7.81329576	8.103894613	7.832287524	8.773238592	8.926762105	7.406432207	7.624886531	8.049086249	9.034990335	7.561136186	7.403381614500001	8.08881354	7.326915582	9.552240245	9.847184055	7.564616851	7.807608675	7.408012311	8.184345624	8.900382601	8.343684714	11.34411944	9.388056946	8.738941346	7.609407711	13.44966633	8.823277935	8.326294418	7.328124028	7.393100656	9.4523181225	7.640541302	7.461418686	11.42563119	9.072638562	8.540605061	10.44843056	7.801448788	10.20412333	8.002441907	7.389847175	9.073054325	7.456950864	7.411461998	7.689191885	7.477587122	8.717301794	9.358188081	10.15198097	7.364177929	7.332368689
GSM825666	8.242173381	7.420160701	14.49503287	9.78717406	7.697735227000001	7.607525067	10.1069177	9.584489021	7.504842967	9.242665916	7.421120418	7.673566363	10.62018733	8.531452491	8.675604437	9.297733381	12.40334101	11.22255684	11.63090858	7.4504188615	7.909578655	8.7116184825	7.613042679	7.526783004	12.89932407	8.649309632	9.409710571	7.614705215	7.428692659	8.224627753	11.11745281	8.430264779	7.881169219	7.9777536	10.86533677	8.988968131	7.426566549	7.326836422	7.45966681	7.458630362	7.464976583	13.46890853	7.38346165	7.516997831	10.47825434	7.5826822455	7.524897713	9.844894263	13.98469622	9.543849355	7.436487271	8.135756119	9.271796546	7.471620281	9.698205229	15.45721495	13.51654514	13.76833285	12.81419437	8.6718180575	11.59923745	12.81206272	15.40690063	7.552149102	11.37807923	15.4248361	7.479334421	7.942334106	7.507946427	7.467893439	9.144102135	8.737765055	9.427062378	7.431146571	8.2069461295	7.993226907	8.839842284	7.415636689	7.813835206	8.433865657	7.710356428	9.578967916	7.939219591	7.564661858	7.517457387	7.519764912	7.394873152	7.4645501585	7.4904909945	7.447934509	7.82378075	7.341571444	7.500036107	11.23092454	9.756135729	7.554162572	8.887179394	7.446604034	7.331756862	8.462507694	7.559232678	7.572126965	8.555749751	7.399021608	12.51930591	11.18744793	12.78074691	7.399690897	7.433889626	7.429521939	10.35695803	10.16225625	7.592821709	7.433505034	7.360713085	7.749718988	7.783492425	7.507500987	9.186617139	7.362566583	7.81445634	7.446937311	7.379346328	8.168702636	7.454900318	9.950720091	7.624187369	8.506334042	10.64306705	7.486561785	7.4757425054999995	8.297647407	9.748048126	7.674152728	12.01454335	15.65165553	7.648603274	8.231439094	7.446604034	7.306366108	7.3391203985	10.144726771	9.239701392	7.445265288	7.58905826	7.562299231	7.71636522	10.34764628	7.642796146	9.215152427	7.429521939	7.698397419	8.874969911	8.76783637	10.168025	11.0384988	9.926865225	7.449590499	7.6132246955	7.416156706	7.848077501	13.11271158	7.638311035	9.628538239	7.510183953	10.91139516	8.26289753	7.696610644	7.351323889	11.75379949	7.664801515	7.54122927	9.397752036	7.854316747	10.1197782	7.34546785	7.75522025	9.486727742	7.42253087	7.48985703	7.5296673405	7.615260125	7.465338002	9.160964627	9.555368898	7.523022392	8.487752681	7.49110559	10.30747737	7.658991306	10.61636645	11.99347684	10.63999756	8.90397607	7.957268394	14.83151212	8.851495974	9.049754011	7.55114554	7.380180697	9.219763030500001	7.612489237	7.896162459	12.50134286	8.537677356	10.24196805	12.62514136	8.310711668	11.32038641	8.561419038	8.6077700235	7.905531307	7.558723356	7.344496033	8.307997729	7.518839961	7.499171494	7.899285691	11.96253412	7.285322748	7.310233995
GSM825667	8.954747309	7.374562225	8.593064821	8.735821757	7.6454736675	7.378369512	8.417698063	8.757095023	8.19820113	9.3758643195	7.35612878	7.556437514	12.3393383	7.339394817	8.56787141	8.777482793	11.04333264	10.24861959	10.04729169	7.5522700265000005	7.6924237305	8.599156464	7.559675395	7.49467969	10.16617997	8.283974995	8.902930771	7.479733036	7.442488612	7.842539237	9.451482563	8.222994287999999	7.519541753	7.818067766	10.06642283	8.179796547	7.370672357	7.298749011	7.44181496	7.430576633	7.485582032	11.15386773	7.439192577	7.467002093	7.637547631	7.516284671499999	7.471700021	9.042675971	10.70145795	8.776874907	7.373309985000001	7.964807306	7.687630537	8.023965863	10.23539895	15.07423674	14.29568172	13.03896732	13.02842261	9.33464696	12.1482052	10.61296269	14.00945641	7.598397935	10.99087819	11.66075665	7.460211726	9.230477195	7.485787943	7.453274021	8.080094148	9.577511393	10.25245895	7.428894581	8.3843483765	7.487029192	7.599847104	7.422555358	7.596085382	8.163573615	7.577871347	8.171555509	8.086560825	9.138909079	8.025855867	7.631505949	7.42640457	7.400685945499999	7.482308806000001	7.438688189	7.489963526	7.419210448	7.458282746	13.13385921	8.695185714	7.561846497	8.615405458	7.362681893	7.307329248	8.275684132	7.526656944	7.567316908	8.583034896	7.405403894	11.03429208	9.039407762	11.7257677	7.424137837	7.440415454	7.497304736	8.486913897	9.254167001	7.414194633	7.434013737	7.28516807	7.549501761	7.610364931	7.478553085	8.178621545	7.422150544	7.592918128	7.478553085	7.435746636	7.498187814	7.427491555	9.946444796	7.548444666	8.223583581	8.980133196	7.347800952	7.36470318	7.454843049	7.859504395	8.829312201	13.07225804	13.48510486	7.509087376	7.820677264	7.395210473	7.308912762	7.3043719465	9.428167725000002	8.880284506	7.445624471	7.460049026	7.558053613	7.586343896	8.54063313	7.777116905	7.430246441	7.433715517	7.317753609	8.244628103	8.715737466	10.99544786	10.08957482	9.675386141	7.680098705	7.455794924999999	7.744046765	7.651879701	12.37127615	7.809263593	8.73415762	7.475077298	9.572812301	7.475077298	7.621915917	7.3613045845	9.146007397	7.856568862	8.000239389	9.374548826	8.782337631	8.182144254	7.395210473	7.746625188	7.61390234	7.556168722	7.48012869	7.4585942885000005	7.443575182	7.406507769	10.12806261	8.134318014	7.573124315	7.5880525	7.425662935	7.812523811	9.086411814	8.055298627	10.38724874	10.09497493	7.719979139	7.910269181	14.66217651	9.40998457	7.613311716	7.421741992	7.30654022	9.235597852	7.564027427	7.433715517	12.73458661	9.501160427	9.250696007	11.73714639	7.863091661	9.867291537	8.27013288	7.354647077499999	8.488612595	7.42640457	7.302622208	9.189421826	7.450175153	7.582375221	7.849391607	10.90330544	7.324324053	7.327647969
GSM825668	8.190923316	7.416018218	14.75949392	9.46681697	7.955698251	7.703289119	11.0204022	11.03940548	7.511165778	8.8999214135	7.439158491	7.504682175	12.32326176	8.266329907	8.20456958	10.43912367	12.3340882	11.93172915	11.42454394	7.5132214315	7.6556193365	8.5811339995	8.004781004	8.093217674	12.90453804	7.969019773	7.574635146	7.65303901	7.342568158	8.104812361	11.33297803	10.0990980685	8.492885499	7.731506597	10.38995772	9.168643377	7.426803467	7.2868849	7.438362369	7.421527467	7.453532744	14.64565507	7.470713896	7.484806922	10.21685467	7.466811293499999	7.460917776	8.698034912	13.51092691	8.400129453	7.4154528455	7.61276554	9.347540621	7.67778985	8.829388506	15.28958343	14.54379464	13.39579555	14.37737799	8.225529373499999	7.859763921	13.84303209	15.52175445	7.586321125	10.49921081	15.42691968	7.504883934	7.609470279	7.50286888	7.437557757	9.049262882	7.885364021	9.037928984	7.61408485	7.4312373185	7.600486446	9.411327906	7.37430824	7.693664796	7.751204927	7.634613338	9.366471043	8.081555715	7.995244687	7.751204927	7.424350747	7.457392937	7.452310778999999	7.613535468	7.453167101	7.747177435	7.27992237	7.478582659	9.047143111	9.918687678	7.819610282	7.992638456	7.354697921	7.340883389	7.850531359	7.546449	7.444724457	7.65949519	7.357922234	11.72666851	10.23569455	12.13543528	7.375279691	7.392684568	7.403967592	9.185223377	10.03962892	7.598737694	7.463346677	7.364238739	7.612325922	7.66618223	7.482464606	8.976266428	7.408996843	7.518524585	7.445097868	7.404660282	8.250036223	7.430299745	8.960149286	7.552165356	8.712545087	9.600236758	7.459244356	7.4583594914999995	7.393892389	7.936833665	7.435505587	11.38019749	15.74905697	7.482854316	8.521179218	7.379563302	7.328952266	7.3706055685	10.461676825000001	9.802730431	7.552165356	7.446766709	8.003945561	7.657267987	10.95586305	7.662831607	8.993334972	7.459801416	7.669528561	8.120693821	8.344204448	10.28595001	10.43171431	8.815658327	7.37672378	7.7673914795000005	7.397786853	7.380030068	12.45287203	7.635056289	9.797219783	7.627092117	10.70179045	8.394209627	7.480520166	7.3493943885	12.5253935	7.583500602	7.478389294	7.401487162	7.957128126	9.644168002	7.38679572	7.691203762	10.28387172	8.451713264	7.631293031	7.401960427000001	8.137033575	7.550256882	7.274690382	10.04683616	7.575066506	9.382657661	7.47147613	10.28417749	7.573126306	11.40174967	10.02457288	8.057012196	9.746809244	7.831119986	14.82847685	9.529904207	9.088619089	7.938762695	7.428460929	8.6679137735	7.685165235	7.648591555	10.97716818	7.398916841	10.62690411	11.59384922	7.767301858	10.44431036	7.874227333	8.2152710235	9.244174309	7.9814895	7.321495369	8.484534055	7.458132494	7.937262452	8.634505423	10.57410891	7.346473681	7.306535655
GSM825669	10.04463348	7.408341049	11.98570752	9.865470028	7.784282730499999	7.461217413	9.497480623	8.958439528	8.346271468	9.8899374445	7.413895686	7.511388004	13.73641694	7.989405132	8.295172101	9.603300477	11.10763884	11.23969029	10.79873475	9.4401180415	8.149187091	9.59679781	7.73654831	7.79509999	10.381	8.497993518	7.548386372	7.542189036	7.447501025	7.793071411	10.79493766	8.8880215935	8.357506164	7.588518727	12.66880716	7.989957777	7.402917053	7.317388949	7.404234953	7.366229784	7.462262036	12.42155897	7.407726351	7.410741098	8.420069565	7.419054578	7.430254201	8.88340381	11.19135978	8.846855085	7.412082129	7.725265565	8.364431947	9.888348352	10.44015086	15.08466272	14.70418793	12.83306151	14.49186329	9.5799531335	11.39754498	12.18726382	14.72871568	7.593143934	13.37027784	14.60692678	7.51529543	10.17294655	7.455254336	7.424159197	8.808110872	9.141143017	11.99857636	7.421008384	8.163227336	7.517261004	8.457511388	7.525449528	7.594507883	7.974994353	7.571554416	8.547244257	10.04591192	8.659186813	8.928275034	8.061781394	7.459349178	7.516580513	7.659531949	7.455863491	7.56623156	7.294091172	7.43730818	12.00964786	9.268688119	8.466945011	8.280432146	7.304347891	7.335941435	7.821153274	7.511144858	7.408034451	7.699303902	7.331475262	11.82791792	9.725663456	12.25719907	7.407416739	7.435897019	7.449264126	9.508647208	9.333775322	7.616813372	7.453840049	7.303210515	7.774806595	7.717175714	8.525228687	8.481923701	7.567027947	7.630197813	7.424864489	7.379527484	7.77277671	7.43154084	9.545263069	7.516031605	8.98760081	9.207411847	7.448479062	7.417678474000001	7.59396211	12.64952135	11.13915599	12.29541182	14.58693659	7.531735586	8.594638416	7.322473307	7.237924341	7.3585268455	10.413848205	9.611191663	7.520471524	7.461217413	7.706214389	7.42509788	9.004011406	8.444837835	7.946782272	7.500101514	7.438505343	8.21908091	7.802922055	10.05562824	12.20601779	9.019368202	7.507995602	7.561706392	7.455051687	7.459762989	12.03516915	7.651883255	11.55322772	7.410149722	12.88933375	7.682651989	8.403842734	7.3028612755	10.46993466	7.567559276	7.666938334	7.846839082	7.797997534	9.311454012	7.397729214	7.528709659	8.63860773	7.835018201	7.475816792	7.396171129	7.58148283	7.40054553	9.848216074	10.8770282	7.638336276	9.222160246	7.375400085	8.976669354	8.923560024	9.980684984	10.2050093	11.57710515	8.537274728	7.753930113	13.0927	11.35260284	8.333820707	7.454243116	7.405526671	11.1318153025	7.539111602	7.43730818	14.15104342	9.440718726	9.172654454	12.88179949	7.982486907	10.69482089	7.959666569	7.5425356699999995	10.11438819	7.469920747	7.329231753	7.911210912	7.442242428	7.916882941	8.73781373	10.49099887	7.319084866	7.29066184
GSM825670	8.927633069	7.43100359	10.48500146	9.502229204	7.537376148	7.370100945	9.861201572	9.258647473	8.56374828	9.877003458499999	7.343033797	7.619017563	11.60782326	7.461490203	8.256171851	9.520062104	11.04067552	10.53913742	10.37836989	8.240808122	8.1709140505	8.479134606	7.601838689	7.71146959	11.68145282	8.472200892	7.48967294	7.423837772	7.351353441	7.481851945	10.36217746	8.498026845	7.743236717	7.403259676	10.71440769	7.888618065	7.401643449	7.368171472	7.480021339	7.312658283	7.408950168	8.84621616	7.343033797	7.293657813	7.941799071	7.314265922500001	7.400434017	9.890101932	11.97614238	9.323502054	7.388124745	8.294945917	7.61361379	7.762681012	10.03831061	15.42351298	12.55054191	13.91950112	13.25556695	9.160865528	11.71671989	10.68264952	12.87595238	7.595960466	11.01659256	13.01064789	7.482768656	9.429716851	7.359346465	7.533439779	7.796471793	9.684666671	12.67469745	7.326128439	7.9830848345	7.554107042	7.463726016	7.53105147	7.894642597	8.194682767	7.327627577	8.550354241	9.620555777	8.333884134	7.894179735	7.709018704	7.385699477	7.567316812	7.427890453	7.414282776	7.631802748	7.284757494	7.610667948	11.12980519	8.913889635	7.976801848	9.044152693	7.323880594	7.367015753	7.662324412	7.517270023	7.398825042	7.58764584	7.386882328	10.01703037	8.376471107	11.01800712	7.365477031	7.401240046	7.334755613	10.3516798	9.007811754	7.389650082	7.370487339	7.234676571	7.603309294	8.090912146	7.404069372	8.088412547	7.421747149	7.732994462	7.347565712	7.376693247	7.67708944	7.398423434	9.85787546	7.500352735	8.586368921	8.40603421	7.461490203	7.544169668	7.829437673	11.13534946	8.804527814	12.63559934	13.6294288	7.417588472	7.523907505	7.380987243	7.320136583	7.344289896499999	9.679930736	8.609197483	7.48093617	7.870450472	7.350974172	7.320885138	9.284378142	7.436782426000001	7.550728251	7.544948375	7.335506863	8.636720487	7.850732326	9.128837332	12.64076447	9.79294174	7.417174237	7.567672719	7.350215973	7.396819519	12.53747958	7.594492028	8.379185314	7.380987243	10.33390182	7.628359129	7.792626715	7.2929289404999995	9.281009638	7.423419039	8.136041825	8.750469814	7.570585503	9.143774883	7.41387087	8.01335204	8.396697111	8.03845782	7.559426612	7.425376959	7.410995524	7.368171472	8.295306478	8.589279597	7.515379287	8.237489349	7.334755613	8.304289486	9.534111386	8.784974771	11.35426725	10.25803902	7.594981455	7.696260631	12.13679975	7.591556595	7.527237346	7.310417514	7.343033797	10.3532141065	7.45173972	7.517270023	12.29041671	7.89140059	9.269961917	11.82090238	8.334394504	10.7680902	8.743984945	7.5943375915	8.69772226	7.367015753	7.249145593	7.517270023	7.380987243	7.410176543	8.503193756	11.69034623	7.373584644	7.426777507
GSM825671	7.316885523	7.364082119	13.26400646	9.751091495	8.022433525	7.612946531	10.30410431	10.15443026	7.558650906	10.1745206175	7.321304715	7.610821774	9.624004242	8.505931624	8.160249987	9.350942641	11.21640393	10.81959266	10.84269571	7.416522001500001	8.1895860525	8.5877343665	7.5859189	7.67732352	13.38797293	8.500858416	7.453389996	10.11951825	7.371563063	7.634809732	9.782689258	8.26623125	7.390926365	7.445993483	10.82517538	8.543425513	7.351767769	7.330813633	7.48511033	7.270976516	7.474806843	10.50210214	7.325751448	7.311244457	9.826117873	7.3209029885	7.353833106	9.584060527	12.90075087	9.089971777	7.3612555295	8.201401391	9.300997962	7.664849838	9.346237841	14.91262524	10.73397055	13.27579556	11.76280333	7.686177321500001	10.20201047	12.17157112	14.76124493	7.522427572	11.9941477	14.40988505	7.397498653	7.55288081	7.371563063	7.565130191	7.889742479	9.03309062	12.37875406	7.379685255	8.771211446999999	7.787440114	7.394844571	7.349793464	7.692486432	7.904738009	7.294825036	9.302699219	10.08639257	9.076024316	7.778187723	7.332704638	7.369902879	7.4610977475	7.3073310725	7.355993162	7.546377549	7.315837359	7.675248779	10.31441002	9.660593123	7.773546828	8.595133601	7.326391787	7.364593223	7.494655683	7.6270713	7.372686257	7.577333356	7.344378688	10.78159798	9.164615339	11.50422944	7.468908412	7.41543408	7.353833106	8.467009687	9.791343494	7.352173434	7.325326098	7.274825663	7.44451598	8.133811863	7.30730363	8.747545567	7.346457047	7.617191338	7.303182326	7.49612225	8.290704594	7.331747832	9.680501436	7.462263669	8.580776176	9.073541229	7.496855336	7.497509617	7.322995227	7.545654195	7.326820732	13.24246228	15.11539454	7.359183223	7.379685255	7.357336164	7.309997354	7.323790568	9.2634553645	8.670522453	7.493188591	8.02049625	7.342730046	7.323630144	10.46952444	7.3283637944999995	8.747902703	7.696605836	7.468908412	8.178856171	7.699348289	12.67637988	8.907958988	9.281410326	7.302566585	7.5769988865	7.330354223	7.442301704	12.79555179	7.6270713	8.780387333	7.346102811	8.647358386	8.767762775	7.856211841	7.2902387215	11.6354304	7.342730046	8.096916959	7.329673821	8.225141559	10.89833422	7.366674445	7.75354677	8.627703117	7.454869843	7.561532176	7.393644914499999	7.884717901	7.345059052	7.317305228	8.576360661	7.471121219	7.4290998	7.345059052	10.36207451	8.584778639	10.79202351	10.19202263	10.38281739	8.549990791	7.730664942	14.09847358	7.479225592	9.227403626	7.526794074	7.374394988	8.2507121935	7.381500451	7.833110479	10.65702897	7.350967332	10.0758361	10.2824105	8.254032259	10.7285482	8.731021202	8.5464635455	8.825078881	7.55937146	7.273088644	8.044255317	7.387722947	7.443777602	8.335045761	11.09838324	7.346457047	7.500518774
GSM825672	8.786591079	7.379269703	13.2280467	9.714581548	7.7031487384999995	7.519091765	9.804524088	9.209309007	7.975879418	9.8811178175	7.338777394	7.76349898	11.47173502	7.82912377	8.609185121	10.18842442	12.20794053	11.41279587	12.03272323	7.5189535985	7.7416865315	8.742732257	7.698167245	7.815051343	11.22632498	8.935749598	7.823105869	7.471167814	7.31579622	7.8081774	11.68863446	8.749911252	7.598355071	7.701590455	11.44802296	8.59954004	7.358704627	7.332540925	7.529619641	7.319776153	7.39153933	10.10041753	7.317218062	7.383266368	9.307752293	7.4331700605	7.451703039	10.04851087	11.98141483	9.302442037	7.3699445610000005	8.299331465	8.161547221	7.851417044	10.5852252	15.36133933	12.67985207	14.46102637	13.32376533	9.460236584499999	13.89932171	12.63167716	15.05625289	7.597014091	11.65267874	14.355591	7.475794862	9.653761893	7.369762095	7.677944887	8.603751503	9.309358135	11.11967455	7.408962927	8.6660667455	7.67275155	7.405402458	7.447062664	7.994918913	8.21573448	7.319207827	9.446002864	8.397944537	8.33905154	8.006889556	7.649231866	7.527333487	7.5768846375	7.525144276500001	7.424388998	7.796800242	7.319776153	7.543305772	11.96090866	9.760449302	8.136735007	8.991158039	7.332824067	7.366176085	8.881930864	7.561014095	7.661457653	7.780016309	7.368312458	11.11097222	9.749468237	12.16236033	7.398821097	7.414811496	7.523672707	9.623252973	9.834470711	7.55512225	7.421181608	7.276414929	7.747258882	7.831125363	7.381655634	8.286061532	7.367238648	7.76349898	7.349892249	7.373854114	8.098257088	7.346894038	10.02513513	7.5300767	9.018556148	9.029996494	7.470704932	7.4291353430000004	7.664938745	9.063846593	9.294201925	12.05534868	15.58280377	7.421638992	7.557842949	7.360689126	7.295846634	7.343850460500001	9.847708807499998	8.557054036	7.495188563	7.758516289	7.398821097	7.507616348	9.404966771	7.3326825595	8.122330929	7.567346526	7.503477538	8.94378123	8.55041547	8.754042722	10.12988308	9.8849712	7.405402458	7.5670205825	7.384484553	7.358704627	13.0135058	7.662328428	8.129381892	7.441956772	9.976769057	8.024505536	8.222376429	7.3072454245	10.88462992	7.496110281	8.397380645	7.550582546	8.162531588	9.735923054	7.381255425	8.225844176	8.482716681	7.613060809	7.542395051	7.451715661	7.610838031	7.368312458	11.58001951	10.12669991	7.487347082	7.648356114	7.33084158	9.981428618	10.04809433	10.16140037	11.3540133	10.4877376	8.076587268	7.832725064	12.31861652	8.612141104	8.085910254	7.659279254	7.354843399	10.2571622645	7.583567654	7.526418628	11.34211829	11.2811949	9.74860157	12.84487503	8.463368862	11.44156791	8.773517115	7.6855249775	8.57125869	7.590747321	7.282990524	8.405256693	7.683557203	7.558296169	9.219334853	12.59496422	7.349892249	7.405402458
GSM825673	8.710030073	7.40278139	8.421877349	11.7647513	7.412183392	7.859410168	7.971838594	9.500098927	11.25769376	10.1576918185	7.356357583	7.942600626	7.587314979	7.335049988	8.659129459	11.69167299	13.94731468	12.43277531	12.46102624	7.428351197	8.5872216335	10.23705	8.02703789	7.882286064	8.447304798	9.118945179	12.01502635	8.231281228	7.377827241	9.287678613	12.52197693	8.9984115275	8.903312409	10.10263891	8.615513684	8.910745704	7.347590041	7.368237444	7.752142429	7.925170221	7.321589861	10.32193706	7.337152521	8.114231844	8.650562655	8.606228937000001	8.68774251	9.812148712	8.457694832	10.77716354	7.858083880000001	8.482231476	8.041098181	7.773344148	10.19156021	12.44590211	12.0993619	14.16332847	12.34850276	9.749816191499999	11.64114047	13.30241511	14.20679612	9.322979024	12.68503938	9.114821058	7.861599677	7.54042366	8.221317169	7.645402616	9.881601529	10.03258717	8.168323528	7.323193632	7.348718215	7.597199812	7.413253415	7.493891679	8.025020939	8.367407991	7.263279592	8.432414776	8.552758524	7.9247446440000004	7.780176249	11.60054602	7.789818281	7.53409669	8.0159462905	7.454989936	8.467232652	7.325206116	7.437445292	8.996116174	10.65362681	9.787299096	8.527640958	7.3817084	7.331727506	11.20466128	7.809534547	8.245229258	10.59637243	7.356357583	13.7221143	12.5269054	14.74521504	7.377279392	7.589171545	7.345805638	8.865353128	11.52095162	7.611949519	7.361188749	7.368754509	9.66739434	7.857766531	7.294764247	7.995538804	7.424604831	7.734799901	8.063977219	7.423332482	8.240741602	7.486157512	11.15118539	9.260283159	10.75182916	10.95688276	7.799980695	7.440004313	9.04976989	13.47900911	12.03145989	15.43723214	10.50437478	7.38911747	8.70621918	7.427796106	7.275087537	7.428005318	11.24356122	10.22164011	7.513760115	7.752142429	7.554273958	9.305541587	9.27265178	7.3586742665	7.743488254	7.566796162	7.33379838	9.252667061	8.16457897	9.189985768	9.959694407	9.971307302	7.493891679	7.6961309799999995	7.348941533	7.683132543	12.69618767	7.659249463	8.928887472	8.331869527	9.293901793	8.689843847	7.991950505	7.474134551000001	11.03934067	7.410765154	9.770593167	7.298664	8.517648765	9.272903291	7.384528255	8.065953874	7.907053923	8.050581219	7.826846957	7.9254722855	7.355410256	7.351220328	7.503525477	8.474352962	8.301710787	7.558664186	7.733638864	8.259515572	11.09067696	10.42828867	11.52095162	11.31387455	8.772929437	9.605401312	9.826814282	8.782590738	7.514398364	7.449778256	7.396761282	10.2453852525	9.117846361	7.356357583	12.92756973	7.385096795	8.906723214	12.29181472	8.271482673	11.88435655	8.551624418	7.355273472	8.060513153	7.358270804	7.256845464	8.060017775	7.957272914	7.373492744	9.665590707	12.12836672	7.415128476	7.387961548
GSM825674	7.908516789	7.428214706	14.34182482	11.51776467	7.9985484865	7.768898839	10.68485528	12.62485663	8.178754178	13.067290634999999	7.374751026	7.41714099	9.168741025	9.161850509	7.796080418	11.1508479	14.13674915	13.45420461	13.47391512	7.922308387	8.8056704815	10.165795424	8.201394142	9.089549609	13.48348665	8.138849782	9.609769381	8.214304304	7.404930656	10.73379862	13.28936491	9.7109535515	7.767795602	8.635329533	9.445006259	9.419090406	7.365071726	7.335739159	7.637339253	7.456908566	7.376554652	11.73024921	7.326430557	7.696207179	11.07730571	8.34515135	7.948054669	8.758387483	13.89417275	8.349816121	7.414832149	7.851333302	9.894405643	7.629718055	9.545200975	14.40479583	12.94391821	13.7278444	13.64145832	10.7517808295	9.958261805	13.74272588	15.71161097	10.8997127	10.81771479	16.01762543	7.625244014	11.3177883	7.85689554	7.478017061	9.55325907	8.395282307	9.736069355	7.732954628	8.5611631095	7.6309925	7.460699794	7.40282292	7.475774195	7.746026939	7.285686954	10.22630085	9.993917336	8.024195904	7.775492026	7.49797355	7.675771706	8.160163391000001	7.852399917	7.419336476	10.78629376	7.303030302	7.489154547	9.206353595	8.979504064	9.052432396	8.26093809	7.873401123	7.334664308	9.742960068	8.105574025	8.920047685	8.888880514	7.3425076	13.18228643	12.66303819	14.24733771	7.421542309	8.196813971	7.390539781	13.00734837	11.4443225	7.431951942	8.661366229	7.327769545	8.514349938	7.919014694	7.352657026	8.358521586	7.359847698	7.500165832	7.544393812	7.506713072	8.813659598	7.490629955	8.895210737	7.706263072	9.671952969	13.41561697	8.195666987	7.8511699	7.365614054	8.131698237	7.900815458	12.33374911	16.55839167	7.406344344	8.273403011	7.838062449	7.280085757	7.3289269180000005	11.737081270000001	9.221000053	8.034318762	7.607134634	7.581994071	9.282769342	10.36468438	7.3370260145	9.786702793	7.501624603	7.471272928	7.748845392	7.563720172	10.31191071	8.948201979	9.736376209	7.390539781	8.428889459	7.352657026	7.595308487	11.63784089	7.531054414	8.323781901	8.417899987	9.221208369	9.122336741	7.571885038	7.379179101	12.29961662	7.312388256	8.003492004	7.325431374	7.530347192	11.44826031	7.459183874	7.68964351	10.36774392	8.870002614	8.02700983	7.5899752750000005	9.484662373	7.350415829	10.44891723	12.48296994	7.862928689	7.498704861	7.709787087	11.3129314	8.631788042	12.73647614	9.048052191	10.22905035	9.518873584	8.40781009	15.44912374	7.404226344	8.447154013	7.936439295	7.432701598	9.339603843999999	7.968202471	8.546660462	10.57447551	9.137071572	10.29096856	9.994312219	7.806744673	12.1857179	7.902263789	8.8464718655	8.151086601	7.771651449	7.232759101	7.637971606	7.581994071	7.602552991	9.380116959	11.46227251	7.329457655	7.347396057
GSM825675	9.426752032	7.455953273	12.10956016	11.03121342	8.085126959	7.437276016	9.379056924	12.16552182	8.377785049	9.3886952065	7.320787731	7.631490024	9.888343117	7.954236479	8.364717437	11.65664498	13.279917	12.16176076	11.43196122	9.458062591000001	7.7155153525	9.46406479	8.044533403	8.367525551	9.179880439	8.025140525	9.164151001	7.916731243	7.356203029	10.01335796	12.16098136	8.969997191000001	7.353855157	9.333495388	11.68623239	8.38057308	7.325957938	7.31979546	7.669669111	7.525698258	7.314889421	11.10604809	7.319523879	7.779393524	9.270223997	8.807521550499999	8.311489083	8.748470341	10.16082893	9.365595886	7.456531326	7.965886026	8.173826946	8.043952187	9.496596334	14.75042668	12.58733367	14.48053986	13.79917293	9.079383403000001	13.72492935	12.36198813	13.7175798	8.403183314	11.60002587	13.80563222	7.806568594	8.948176609	7.602074583	7.413081904	8.826536571	8.532364849	10.6859417	7.33904661	7.6210181775	7.830375166	7.419017493	7.407242546	7.706904113	7.743195284	7.297357731	8.469812377	8.750360673	9.366861673	8.559062729	7.544330812	7.330075753	8.2125140035	8.599909184	7.370147154	8.240692817	7.293233404	7.320640921	10.50826867	8.768405945	9.145264817	8.177980706	7.726187204	7.317096091	10.51338861	7.9450441	9.614244672	10.2403344	7.330773208	13.31819404	12.46400257	14.13567689	7.426249461	7.530396106	7.316952838	9.910651893	11.12165698	8.263607036	7.337036516	7.262435071	8.205776368	8.109622645	7.355410414	8.44219797	7.598855439	7.575943444	7.544330812	7.397014951	8.245698568	7.365546627	9.278889987	8.035773641	10.04725371	11.0306513	7.797628595	7.4956279850000005	8.420980113	14.19157537	9.441511721	11.31168032	13.89936428	7.332651438	8.004058993	7.314173294	7.270130024	7.3647436575	10.986472435	9.487991716	7.954888606	7.795170148	7.690906752	9.084525254	9.987872994	7.3224523900000005	8.236678367	7.671625368	7.458457637	8.604746759	7.622157425	8.664824639	10.37410552	10.00850873	8.805052834	8.1468555725	8.490468265	7.328155156	11.8068027	7.64477109	8.12044748	8.305209021	10.4321602	8.263111932	7.640709413	7.5312165045	10.923913	7.30550094	7.999774471	7.434810149	7.744962053	9.657341672	7.383018128	7.885065393	9.458151722	8.395370786	7.795170148	7.729819924	8.642882867	7.334734162	10.41996787	10.30817866	8.069739122	7.631490024	7.522157293	9.794711997	8.241194007	10.53383214	9.42981636	9.87531791	8.480389586	8.561164714	13.76699082	8.1327794	8.955589914	7.313611172	7.422619782	9.550982784	8.669971662	7.342359912	12.91236148	10.34826643	9.40333165	11.43196122	8.084877324	11.96262699	7.713389618	8.1263029315	10.62112929	7.452200061	7.233846582	8.259146285	8.010744815	7.659809521	9.262358687	12.35585189	7.338529593	7.469727442
GSM825676	7.777084728	7.387791544	14.5038889	9.510436296	7.783717154	7.656755694	11.69917841	10.64155906	7.46040397	10.2766516945	7.341764213	7.559815062	10.33709312	9.019727322	8.507311558	9.622959045	12.15508642	11.64519969	11.60626726	7.4737775155	7.479763229	8.466536904	7.65047856	7.873856249	11.86986518	7.796448056	7.823773292	7.540868078	7.414198502	8.231998322	10.83147299	9.158023681500001	7.640976341	7.549424108	12.25845039	8.862963148	7.415832563	7.307117538	7.441911473	7.285456973	7.445321225	13.8637623	7.387791544	7.403963668	9.374320527	7.428678419500001	7.41364314	9.166062257	14.01721049	9.471425739	7.399428524999999	7.829883503	8.584943716	7.913685923	9.921726975	15.06864638	14.33325394	13.69956067	14.73608507	8.5391778175	8.504790448	13.43722642	15.39307591	7.642595981	10.3541869	15.20015949	7.632665549	8.952919265	7.47456999	7.404938862	8.609155276	8.456852123	9.864988149	7.446497694	7.4575781335	7.670286196	7.963936052	7.39670132	7.765502977	7.635201523	7.560250783	10.57451923	10.10553861	8.3853832235	7.737132526	7.59798752	7.447836276	7.4173464575	7.5797227045	7.44242893	8.089903779	7.318649709	7.451176759	10.61218768	9.823299369	8.011949527	8.04460529	7.330044833	7.300721948	10.52788544	7.547705137	7.46268252	7.599793494	7.325507334	11.55658696	10.58998112	12.14996605	7.404615452	7.421682705	7.400602942	9.752075915	8.897397268	7.719417509	7.451511781	7.430751405	7.580956799	7.713283085	7.783227369	9.357230304	7.406531498	7.530526115	7.406216194	7.411366348	8.38128861	7.445489685	9.4925154	7.582515341	8.95097591	8.641583059	7.394853412	7.432776838500001	7.471276762	10.32761452	7.436746032	9.991907894	15.58438838	7.514413629	8.011727308	7.374128997	7.308855288	7.360149448	9.661447300999999	8.902870309	7.478272074	7.450674833	7.626684123	7.880136499	10.33151985	7.6113436365	9.444022333	7.565057641	7.542571401	8.327956248	7.757700742	12.49856916	8.978369777	8.67553633	7.397787405	7.540537606	7.318076058	7.44260087	12.13523763	7.585415418	8.992096356	7.556771073	11.21729148	8.766187428	7.512787422	7.319196924	12.54583307	7.534517278	7.539380999	7.497803773	7.865234538	9.753724351	7.371763996	7.81483269	10.32309807	7.913916188	7.54899401	7.4095512045	7.701970955	7.37918119	8.07786268	11.34801105	7.560686718	7.897528577	7.438565753	11.00654502	9.195270742	10.71726779	10.18250178	8.206263151	9.72180803	7.901228301	14.73269013	9.587075599	8.742800674	7.549209029	7.487141745	9.708596439499999	7.579844879	7.432357398	11.73212294	7.407467894	10.85181338	12.55653466	8.090975394	10.68342517	7.627603148	8.3177320955	8.651176809	7.847941167	7.349372806	7.826124081	7.452015049	7.741387101	8.888416088	10.06601601	7.293115397	7.348297715
GSM825677	8.65749996	7.381846551	11.48168614	8.872631105	7.530466305	7.420497511	9.963631549	9.710261425	7.502910099	8.5216877565	7.291258687	7.452782103	12.68501615	7.771737349	8.31405622	8.685680677	10.2308959	10.0920471	9.877972857	7.9384490455000005	7.8904116344999995	8.5605255745	7.635530485	7.659495381	10.73055742	7.886829675	7.692315997	7.49812387	7.423042139	7.472057291	9.524523031	8.573208920999999	7.619506843	7.40284891	10.62527837	8.967333784	7.411510837	7.309875472	7.402094215	7.25067544	7.449182607	12.81689653	7.365819174	7.40284891	8.828805934	7.365316286500001	7.401329826	8.259896264	11.89319518	8.335430759	7.366411139	7.579098687	8.094557724	8.328338176	8.221718536	14.43044342	14.05937433	12.44243112	14.04195123	9.035300555500001	8.060859041	11.56722794	14.28468192	7.566510832	10.5065227	13.70887175	7.676809801	11.07213856	7.399771505	7.419434534	8.034176969	8.684186149	10.37293553	7.65053289	7.6270819175	7.473604582	7.732900425	7.37775419	7.458211236	7.541346885	7.431833258	9.153160126	10.97645054	9.2643529715	7.838659953	7.298522639	7.389545254	7.4636486945	7.634822328	7.461084	8.1527294	7.366939615	7.459960464	11.15574929	8.406789603	7.810312607	7.901497567	7.338312273	7.320622634	7.444885804	7.499075445	7.546427538	7.420234255	7.388155162	9.808004575	10.10060531	11.59422623	7.378791145	7.484391069	7.456482276	8.999398105	8.700253896	7.645596767	7.444135675	7.335332695	8.163576195	7.620431002	7.446965112	8.607311422	7.439302684	7.467989587	7.382845726	7.43848103	7.676809801	7.390457646	8.489486042	7.462540252	7.94160676	10.25941052	7.409887656	7.434501913	8.489317112	9.708817501	7.530911198	12.0340791	15.31409121	7.47831584	7.749777519	7.307670589	7.289227799	7.3220106524999995	9.0389632885	8.41477846	7.465657	7.446521291	7.925252759	7.351385973	9.692690063	8.547929116999999	7.898899737	7.500412448	12.73495666	7.80140225	7.887303783	9.49470175	9.620678943	8.340822071	7.422545699	7.4788574704999995	7.324692084	7.370261955	11.34098334	7.507961055	8.626491458	7.408551128	10.37516289	7.675858109	7.464173539	7.316699846000001	11.19990255	7.547491572	7.453391817	8.707343846	7.506009741	8.674888883	7.387214205	7.468998432	8.50528573	7.845845855	7.50717925	7.377547571999999	7.571787077	7.394851826	8.598975369	10.16965306	7.473432081	7.921970848	7.334142407	8.630980268	7.468829913	9.696008798	9.123767761	8.43920316	8.416725162	7.666833561	12.68214659	8.324404813	8.531987167	7.522109281	7.421789493	10.5410306325	7.444736194	7.468157349	11.39228648	7.743506344	9.469067043	13.13292162	7.687059534	10.19021063	7.686104673	7.593334495	9.265957791	7.482947719	7.341293783	7.40284891	7.397358426	7.502910099	7.746641631	9.969764804	7.331173085	7.38432557
GSM825678	7.646235677	7.377892614	13.18057354	7.739061058	7.979263597000001	7.600467639	9.913633774	8.433661998	7.690398162	9.1541286955	7.367232745	7.568435207	11.93069474	8.333283538	8.581587159	8.227897832	9.197722785	8.488241031	8.310965126	7.402119044	7.474322257	7.990144947499999	7.46645742	7.510269617	11.79708779	8.214977783	7.424512732	7.42002591	7.340977393	7.55530036	8.144091763	7.455656422500001	7.94437084	7.428874901	8.956876484	8.740613872	7.401985297	7.298127366	7.442732814	7.267474182	7.466135937	13.23210878	7.327636651	7.436744209	9.359466906	7.369041991	7.358291872	9.202251866	13.40748046	9.625499472	7.3681981845	7.768170216	8.629724154	7.45835934	9.463803725	14.63499474	13.44645663	12.98850649	13.66385095	9.57220158	7.93723842	12.25244675	15.02360243	7.450518941	11.25927129	14.90116746	7.536961038	7.878602396	7.450838638	7.454303397	7.53271617	8.13540419	9.321315242	7.462620443	9.555591869	7.659544027	8.43848221	7.378919205	7.88525429	7.79950547	7.702228307	9.383889626	7.710195967	9.3735972005	7.83807293	7.378406902	7.343887688	7.2831063955	7.400491519	7.575353581	7.572081249	7.313003746	7.479730762	9.187581934	8.974710033	7.50531258	8.174692101	7.329941851	7.305981328	7.554922243	7.529777448	7.347953169	8.403818361	7.312456359	8.218260799	8.026981088	8.351806003	7.417935848	7.419436949	7.445557065	8.954688359	7.922524955	7.374766745	7.305981328	7.308120548	7.724926472	7.704883155	8.032912267	8.763291558	7.362799684	7.612299364	7.387770068	7.425046691	7.992433844	7.426614634	9.292741199	7.456484665	7.517605219	7.517965318	7.358291872	7.443105494999999	7.570352672	7.69835018	7.35487088	12.16281053	14.875115	7.594389844	7.421184605	7.301759709	7.270610306	7.3142369485	7.696778406	7.525574129	7.380948018	7.468069502	7.442001607	7.454927091	9.687734118	7.4482302545	8.789053383	7.444163925	7.526668209	8.491300478	8.033676437	10.74044103	9.834954868	8.772740015	7.409773852	7.4600062915	7.316313502	7.501449052	12.61371035	7.646839198	8.402126909	7.472296682	9.393996123	8.058178488	7.557572236	7.3081986709999995	11.41551932	7.784562786	7.573812492	7.682255449	7.92810034	9.156781449	7.343305893	7.806457894	8.969835916	7.885657078	7.501974239	7.3912935785	7.458202676	7.392796207	7.401195157	8.944364937	7.508671513	8.520007722	7.388239478	9.543147427	7.765710392	10.25358796	10.45267091	8.293278488	9.116191661	7.525938629	14.40148151	9.599039972	8.262015274	7.453834901	7.450838638	8.711195050499999	7.463097559	7.458046095	9.758866809	9.163836427	10.62460319	10.68618458	8.18529852	9.780748626	7.812179299	8.344398025	7.755049983	7.614081406	7.290037319	7.628799303	7.389170727	7.374239336	7.499179386	10.09490814	7.343305893	7.314102148
GSM825679	8.024715877	7.399392631	9.345082712	8.80045201	8.237964812	7.373489885	9.879499225	11.88444695	7.465027577	8.529828761000001	7.36338728	7.475377496	11.47017983	7.616208037	7.694222326	10.03361073	11.59812306	11.33913604	11.06932552	7.9469160055	7.4323225035	8.3040418115	7.982838699	8.01748126	8.352457794	7.704809182	7.474415623	7.622917834	7.406124438	7.518517007	10.24257385	8.754247129500001	7.684851523	7.53976594	12.52101841	7.794647968	7.408722373	7.323966443	7.462168094	7.288611742	7.461216487	12.68182793	7.334750123	7.442878842	7.820267973	7.4320778345	7.401032487	7.947102577	8.405490502	7.827046361	7.3775861175	7.499638293	7.565213928	7.828241313	8.914216847	14.80607962	14.49101993	13.92049836	14.88135571	7.767255972000001	8.589911019	11.50204842	13.62315104	8.017109604	10.28206333	13.18532673	7.54595711	9.485257198	7.447691823	7.326343824	8.817019278	8.353532247	9.438279806	7.85858082	7.3462544745	7.483097279	8.149615765	7.338375788	7.486391099	7.484065269	7.491442941	8.429844193	9.421895218	8.4711507295	8.244266504	7.436827451	7.460836065	7.3810319455	7.6433397235000005	7.486003203	7.39643643	7.298562237	7.423023427	9.952078414	8.711476151	7.939240508	7.986797673	7.406124438	7.302886881	8.424120154	7.565817556	7.416928544	7.712133552	7.329933213	10.62820876	9.055152177	11.42680308	7.389246242	7.420960773	7.397292467	10.09067577	9.280214541	7.490470124	7.432834439	7.32515338	7.449244981	7.722298014	7.770295682	8.207624253	7.425571506	7.513779486	7.34139931	7.459125733	7.776344488	7.437053991	10.92371408	7.459885563	8.534451795	7.775135284	7.379351483	7.3732039794999995	7.481549865	11.18755646	7.401032487	11.77063333	12.09996102	7.456659843	7.724532745	7.309527834	7.257318997	7.3758671709999994	9.219940263000002	9.323734674	7.533987651	7.362232652	7.658763144	8.419998335	8.438174625	7.7637049205	7.656113481	7.492611129	7.459885563	7.648776865	7.501399775	9.13483621	10.33230189	8.00929025	7.399805915	7.6072117835	7.301798092	7.385413057	11.28311612	7.56219736	8.797753068	7.487167198	12.0254755	7.499833923	7.500616668	7.264223073	9.985063289	7.652037383	7.57024727	8.716538793	7.576094405	8.176822591	7.342003812	7.629632281	9.674668897	7.472878099	7.451734286	7.415419505499999	8.451676975	7.378829971	8.33656654	11.10003926	7.571456297	7.84849659	7.346831329	8.503771029	7.63960911	8.8645183	8.79210642	8.432186798	8.493087616	7.72514212	11.46517736	9.937506022	7.70318095	7.348635384	7.332940638	10.9560161185	7.621494128	7.469042364	12.10016965	7.538170595	9.273588993	13.61721907	7.649795737	8.889940809	7.518517007	7.470113956	9.506841516	7.521285691	7.465600303	7.775135284	7.488526348	8.622971498	8.657177416	9.843388011	7.318676665	7.308408023
GSM825680	7.532237891	7.406124703	12.19138034	11.27656077	7.4931515635	7.493721489	10.06949711	11.39848931	8.001455185	9.7358606875	7.324908059	7.458084256	8.768367198	8.317525588	8.178503471	10.76557541	13.38021088	12.958769	12.82486134	7.4242841445	7.794528165000001	8.731909161499999	8.228706	8.521438848	11.72660046	7.790651341	9.736950437	9.117242959	7.985572327	9.824016507	11.9936164	11.15943378	7.723797153	8.948490363	9.948472324	9.123438011	7.391906145	7.307852576	7.537154595	7.46670507	7.510369764	13.55699082	7.452317643	7.795394693	8.876982741	8.129560616500001	7.611275154	8.662590976	12.2534493	8.477433348	7.506440262	7.75085392	9.193137229	7.824483947	10.11551843	15.39457691	12.05620143	12.7229316	13.64309395	7.7369056425	8.872927913	12.79031502	15.04696014	7.98710311	12.49685299	14.43596669	7.791283763	8.945667624	7.858257029	7.461225574	10.3701725	8.109160512	10.04981987	7.552132044	7.624870205000001	7.500047292	9.220424236	7.446219926	7.558891368	7.72097352	7.432582562	9.807614633	9.618944479	8.4648404235	7.571434457	7.687560955	7.583867178	8.1149855945	7.966058206	7.505436582	9.175717051	7.278115733	7.485774196	9.641485722	10.40335273	8.68177093	8.348294026	7.881539192	7.321023756	12.73104178	9.791685758	8.323209973	9.32219499	7.39645161	13.4403947	11.10266773	14.2836422	7.400751024	7.515883054	7.474663407	9.149862144	10.25753784	7.845959113	7.625963539	7.338764808	7.710635938	7.766947685	7.474663407	8.784996855	7.465324226	7.530336613	7.624156746	7.401674431	8.168345534	7.480654553	9.203441543	7.804249473	10.221223	11.94989467	7.59911076	7.469115892	7.34674458	8.441837865	8.365475974	11.37926377	15.22944731	7.51246266	9.426810799	7.51482809	7.272338602	7.408538039	11.476347185	10.0663535	7.886562455	7.456971951	8.419130621	10.44465994	9.075991126	7.374143140499999	8.778560575	7.4632666	7.421801581	7.859832451	7.530879211	11.27961852	9.256803638	9.719774305	8.936992813	8.235562949	9.073378369	7.973914245	11.88020808	7.632606929	7.66590233	8.651861367	9.003613116	7.838383699	7.515091621	7.4913779245	11.90712204	7.553816189	7.611573335	7.467398192	7.644755988	9.649932668	7.663439435	7.580671154	8.410105592	10.27453098	8.376747979	7.4948443205	8.161826336	7.337435085	10.08530479	14.51299345	7.929378206	7.989856623	7.516411374	10.33655112	8.544809888	10.36702085	9.951942005	9.954154973	9.300113545	9.074358637	14.79751426	9.703201719	8.909969587	7.467629631	7.422138805	9.325438944	8.266792122	7.458977555	11.7933242	9.083479867	9.872376157	10.17393329	7.850060212	10.18234176	7.723483331	8.4233044605	7.808992927	7.514301449	7.348071376	8.622471972	7.686629053	8.218013196	9.420329624	11.9378176	7.370053354	7.397911399
GSM825681	7.566871153	7.392283511	7.569992264	8.330633329	7.442995529	7.397623488	7.622002155	9.208301647	11.02751866	8.6903693115	7.351855072	7.456979237	8.090767217	7.426727053	7.513730589	8.646677782	11.02256319	10.47369467	9.919017405	7.4479076025	7.9173645100000005	9.3972909485	7.553944512	7.592508616	7.749079495	7.672552127	7.494700648	7.59233752	7.497292602	8.409000636	9.620275922	7.8702631105	7.474613513	8.1022671	9.293406255	7.49164012	7.412981273	7.332389927	7.495345137	7.421633917	7.464864773	10.63800928	7.441284743	7.715525047	7.49088364	7.851847275999999	7.535571455	7.749845913	8.971887793	7.583839337	7.388844271	7.482204893	7.494058515	7.76597095	8.184677751	13.78432978	13.74429871	13.03523769	14.16774735	7.6204960715	8.726378369	10.15514877	14.99460812	7.578795631	9.524804398	12.06226025	7.615099871	10.10155259	7.516707814	7.442868666	7.900013501	10.95379973	8.639796392	7.398554449	8.1821691105	7.49781544	7.397623488	7.419461993	7.516565252	7.46239491	7.431169202	8.153552959	9.037137837	7.556510953	8.252421695	7.539543653	7.456800572	7.3530247509999995	7.482882971	7.446246801	7.447662215	7.287855371	7.45916576	11.82122064	7.997196982	7.587564689	7.666260178	7.721978156	7.328033494	8.943753134	7.51943127	8.003367693	8.176087264	7.44827836	11.02599238	9.652777822	11.53911813	7.401718133	7.497031735	7.465874812	8.505475136	8.430896646	7.514860645	7.411875695	7.376049295	7.540312642	7.576289955	7.799507449	7.863829446	7.457790014	7.642829508	7.543870745	7.423982478	7.581816751	7.455565418	9.400903483	7.532245882	8.033831954	8.48274772	7.419142542	7.336163567	12.04480181	12.264586	7.518137728	10.88491785	7.772127093	7.438206458	7.684090508	7.280626464	7.291568262	7.353767401	8.901274784	8.179356617	7.463176596	7.39901538	7.469084256	8.35289105	8.229851347	7.457201032	7.405158028	7.452229082	7.408019328	7.499656884	9.173543161	9.237935745	9.871225457	8.006541389	7.472082376	7.4846423380000004	7.425654015	7.380026406	10.74847988	7.477204683	12.0600176	7.604415863	10.51186148	7.520152589	7.455217535	7.430627934	8.853816029	7.471108606	7.563281115	7.578795631	8.298158086	8.975525713	7.324946611	7.489132202	7.59131186	7.489007838	7.447869996	7.683025866	7.478464719	7.368420076	12.54515106	11.33579728	7.682597219	7.556661362	7.452486138	7.511206808	8.691033206	8.26654596	8.435213876	9.847349981	7.76020579	7.939975325	9.327179956	7.713819556	10.63172075	7.320669901	7.362985755	9.832919404	7.993263403	7.440361966	10.49733172	10.23278911	8.45252586	9.506315809	7.509677526	9.948219822	7.454614146	7.30560591	7.502988989	7.401275086	7.462492171	9.210434249	7.465469298	7.541546396	7.836990917	10.40515	7.299749415	7.287855371
GSM825682	9.318016732	7.397016278	8.091761715	8.89574908	7.5337977925	7.366838493	10.49298596	7.743073968	7.684006669	10.914812251499999	7.332399717	7.407537214	13.60237513	7.454998663	7.930806012	9.461001221	11.33547342	10.62843647	11.12332145	7.628698602	8.313748662	9.7626441725	7.81312544	7.718782238	8.892024531	7.736987681	7.474598066	7.494016128	7.424032335	7.584105714	10.53138732	8.387489208	7.445394563	7.451685082	9.419731314	9.2477257	7.390796842	7.292572306	7.427080462	7.361455249	7.427080462	11.57624339	7.398719259	7.387067394	7.532083507	7.392598638	7.402839151	8.021128473	9.721650819	7.746458631	7.3667275629999995	7.599699338	7.51402061	8.919967129	9.933983965	15.04996451	13.83670709	12.75904258	14.27844458	9.7914665055	10.57651009	10.56738882	13.95273999	7.487753049	11.43230429	13.46695998	7.451208589	11.30619616	7.410529626	7.378260695	8.196770399	7.687330955	11.76397547	7.449772949	7.99910506	7.5235346	7.403640311	7.3926149	7.456410687	7.474598066	7.435061841	8.455440466	8.623914227	7.8631414405	7.922692503	7.487236417	7.415517476	7.444028599	7.472130337	7.477581391	7.430018532	7.295823587	7.462052861	13.14780552	8.302717996	7.628340507	7.858824582	7.340312731	7.357080475	7.511810305	7.537278583	7.37724988	7.546629661	7.317802822	10.74236498	8.931746652	11.00658203	7.415517476	7.394400434	7.424032335	10.255851	8.242025134	7.629628682	7.447841845	7.303454022	7.359274726	7.739691697	7.785859142	8.646062875	7.455469702	7.458759781	7.429439235	7.410529626	7.544278433	7.424651257	8.539978737	7.478582981	8.40604261	8.226239631	7.461110419	7.362450277000001	7.506333601	8.357434102	7.830180793	10.77544371	12.35480812	7.383220673	7.877895315	7.405220572	7.312255283	7.3033369185	8.902043527	8.732345661	7.513467	7.41890058	7.537858756	7.37724988	8.902762328	8.049467194	7.500392817	7.497190592	7.381256062	7.695995021	7.568774276	11.37755337	11.58528756	8.695103138	7.4127048	7.5644531865	7.368961402	7.424651257	11.47846962	7.475093034	8.898640365	7.413417171	10.57211264	7.465847391	7.513467	7.2766615725	9.948652034	7.430018532	7.464894076	8.054688259	7.494016128	7.739691697	7.327884714	7.611708547	9.168106872	7.54193608	7.476085683	7.44169424	7.53843951	7.424032335	9.259139886	9.899654938	7.501466287	7.772928632	7.313361832	7.665481699	7.529790177	7.890817355	9.19748686	9.338589216	7.768169714	8.177517498	12.63029047	9.403805067	8.435528482	7.311150185	7.402839151	9.294676393	7.463470408	7.463944203	13.21587004	8.58469616	9.078690103	12.54852634	7.592807682	9.608159115	7.619357759	7.3756875025	10.29017838	7.393511798	7.283953772	8.528741649	7.440355119	7.564532507	8.34548953	10.55027682	7.308944294	7.407537214
GSM825683	8.462913283	7.404614089	12.25993497	9.316811324	7.651205986	7.51467773	9.454328786	10.32323635	7.576562862	8.866051339999999	7.394827536	7.44515908	12.65905195	7.753250616	7.716503047	8.983363206	11.22323896	10.73356305	10.70847477	8.2379602605	7.6727906115	8.579870969	7.972080557	7.995553994	12.12539206	8.004791596	7.488058515	7.639022244	7.445211276	7.722360987	10.35967676	8.9423943225	8.444204601	7.572835027	9.423608091	8.482377317	7.397802459	7.337439188	7.44169855	7.368072021	7.429545202	13.52535286	7.428979237	7.420604086	9.476779531	7.462678157999999	7.43765458	8.156885357	12.28065362	7.893497236	7.3962540645	7.554520958	9.054053657	7.923349391	9.502428372	14.99889741	14.50021157	11.99759687	13.62252725	8.344536937500001	11.55963726	12.68460613	14.88374572	7.581981873	11.51026963	14.79382151	7.445531792	7.760013312	7.439907375	7.397316587	8.316652012	8.686489848	9.895104215	7.542654809	7.8349301995	7.44917811	8.735436425	7.340807449	7.467316565	7.693786346	7.472017482	8.35347395	9.481200054	7.9611684485000005	7.627401509	7.466938381	7.443107731	7.525570076999999	7.750838624	7.511999833	7.450027035	7.409836601	7.428591663	12.40859915	9.416708933	7.722586347	7.977600368	7.3274514	7.422221184	7.850720449	8.381378655	7.472557788	7.572835027	7.317147201	11.90084975	10.66388469	12.48858212	7.336767034	7.421958304	7.447209728	8.536367367	10.14208454	7.443568047	7.411688424	7.402882923	7.484513197	7.619993573	7.458647068	8.311173699	7.374995288	7.447811606	7.45327	7.43331773	7.758886359	7.426741932	9.008267268	7.454011563	8.636247914	9.178773676	7.445923051	7.431160768	8.265420605	10.76274194	7.467569875	13.07251592	15.04959887	7.443798753	7.924432837	7.432269797	7.283656798	7.3501126045	9.798411794	10.5487617	7.524542484	7.404186943	8.133281162	7.458113618	10.39514663	8.8730115365	8.507461069	7.465079977	7.537032086	7.656927205	8.158435087	12.07232548	10.01908328	8.808714572	7.409072058	7.630182084	7.309688819	7.438869062	10.51810476	7.507775438	9.620955974	7.518655447	8.451875775	7.630900736	7.536839597	7.3393766325000005	11.22903462	7.57407541	7.542459645	7.477145586	8.079295389	9.761572903	7.482103538	7.504142593	8.615522723	7.602732833	7.444752574	7.4362462295	7.595054537	7.392766941	8.209386579	14.22289544	7.53016414	9.356576327	7.437171222	9.475695289	7.924216183	11.00804598	9.27056589	10.44067032	9.253855006	7.613707414	14.59442746	11.1707137	7.779831541	7.531869009	7.401994521	9.630360088	7.463395495	7.547167817	13.39339926	9.662491441	9.203806425	11.1275681	7.622603641	10.49614145	7.57036111	7.8730768005	8.659176715	7.617171789	7.33341703	7.631995878	7.445753024	7.997446637	8.044438035	10.12425587	7.330090518	7.374995288
GSM825684	9.127891237	7.370030511	13.08846999	8.997583573	7.518254176999999	7.593757564	9.375408465	10.41104635	8.227293447	9.310602405500001	7.355559461	7.652888391	11.6097126	7.992686776	8.393893711	10.05972971	12.87547805	12.13474278	11.34065323	7.4369028585	7.373678502500001	8.453011107	8.029029437	7.955516886	10.07330607	7.908335139	8.334775753	7.813728755	7.416647565	8.561075539	11.69545748	8.395325622	7.652888391	8.096512847	12.97609508	7.784722761	7.416647565	7.35820999	7.439701891	7.473311118	7.486768098	13.5893645	7.38110919	7.834941631	9.069227921	7.7286637695	7.604849467	8.807567594	12.43341482	9.200636362	7.408574417	7.707625585	7.992966301	7.525788271	9.502483693	13.63753726	13.79543305	13.7026045	13.64996318	9.2813645475	11.09395126	12.78501326	15.12007601	7.804864266	13.30342155	14.44699783	7.718655448	10.18892425	7.601049269	7.460908162	9.242723704	10.30675085	7.967966086	7.412699486	7.7252857595	7.630116343	8.411822209	7.385205342	7.723723275	7.885196176	7.665649835	8.496879756	8.478953998	8.496994218	8.192198024	7.460142053	7.470445301	7.3321944850000005	7.6480604945	7.474095041	8.126418448	7.400513582	7.399745014	9.683585758	9.988469122	8.475303613	8.209584912	7.409277433	7.294167521	9.469376551	8.470352643	7.932450294	8.667471733	7.326894136	12.05634442	9.49338089	12.78180812	7.374463555	7.467334593	7.399745014	8.736593812	10.81183759	7.603972002	7.424980189	7.403526837	8.225058805	7.629231647	8.202802338	8.917610127	7.414694202	7.633362013	7.455061682	7.404632372	7.955516886	7.468887883	9.937206455	8.038643492	8.922954436	8.745277222	7.385205342	7.3541209645	7.628052384	8.538832908	8.753184434	11.04646919	15.44617014	7.759765811	8.271869447	7.335306382	7.29643118	7.3682456975	10.295396055000001	8.975536124	7.576066532	7.446947986	7.929589583	8.005511857	9.685559766	7.373710264	8.163343248	7.443611755	7.46065267	8.273077884	8.633634329	9.154031247	9.629134737	8.662843019	8.043845271	7.6822415985	7.874150036	7.630706258	12.8164798	7.856933677	8.123527459	7.850787485	11.08283139	8.030405386	7.58300876	7.365397755	10.78524982	7.724915659	7.81284295	11.13953006	7.834941631	8.149906965	7.378300248	7.806933905	8.835810687	8.904347409	7.967119128	7.425699289500001	7.817565532	7.328581	9.312158082	10.00635591	7.649035875	7.850494578	7.463726601	9.419895903	8.523009254	10.28007126	11.52231708	9.431888877	8.949274328	8.442539022	14.94837457	10.67296904	8.287992392	7.489705375	7.386095652	9.9416854055	8.138721453	7.435702092	11.84003071	9.066151587	9.711680371	11.92727298	7.843165247	11.69778525	7.742200374	7.856106041	8.195992792	7.5053798	7.382947523	7.529136448	7.599005372	7.805159974	8.528647247	11.99791504	7.312810728	7.320137887
GSM825685	7.606427907	7.366289862	9.36574039	9.027186352	7.428264981	7.370536103	8.395837485	9.938334833	7.945849423	8.777684631500001	7.432128391	7.501514869	7.722221007	7.443864441	7.941393457	9.072482147	12.0555411	11.73447206	11.4472793	7.4424292635	7.8708493835	9.064687318	7.815331043	7.824463554	8.177899773	8.0596078	8.732750764	7.686375581	7.419447166	7.785164578	10.60952637	9.140208405500001	7.450668731	7.755313023	9.177408006	7.687274109	7.398086266	7.333341923	7.437925448	7.429211038	7.44218445	12.18905269	7.391973731	7.527419163	8.056761689	7.5246633165	7.470812776	8.47940666	9.380576439	9.611794475	7.3467180715	7.620731873	7.658399225	8.745822171	8.95288271	15.15879423	14.24437989	12.96500145	13.01682783	10.082064125	7.587861675	11.42931844	14.12840935	7.771756068	9.957166613	13.12124921	7.545512914	9.043706051	7.476179901	7.454614765	8.847139724	7.96302162	9.996430328	7.468875599	8.4500212085	7.48111135	7.537009031	7.371134473	7.50059818	7.547075652	7.44777213	8.30440605	10.5978375	8.798722242	7.899535662	7.314289949	7.474369108	7.518994167	7.798286450999999	7.451154274	7.466023029	7.350454307	7.447128015	10.82392544	9.327480542	8.143538791	8.109378299	7.412702471	7.306544483	8.32663363	7.592886566	7.641635138	7.904942733	7.330031406	12.16414464	10.96364143	13.31143741	7.391973731	7.434633505	7.450830417	8.709828539	10.04040944	7.437174815	7.427296238	7.354975201	7.494944973	7.587305246	7.680094839	8.363754298	7.432557669	7.465647599	7.455629118	7.405278977	7.597378111	7.441499368	8.806956453	7.561086558	8.502541063	8.532757396	7.453945169	7.3503183530000005	9.213912297	10.60545719	7.443864441	13.1815758	12.85906148	7.454279299	7.987134709	7.379832203	7.27629846	7.339344501	10.19764121	8.960508414	7.515402789	7.4217681	7.654266039	7.728885124	8.719578847	7.374071678	7.506380683	7.463603799	11.24938422	7.75653027	7.841490084	9.652599189	9.856506412	8.734293762	7.407997822	7.558042271	7.426802094	7.419744327	11.54906938	7.590091206	7.461958516	7.778459661	9.51029161	7.471399356	7.579831964	7.3615646855	9.07675794	7.552583629	7.603873959	7.51636805	7.876633775	7.764445603	7.430133162	7.520746863	8.191250723	7.69777882	7.485330872	7.4806014869999995	7.532691035	7.407234743	9.053831751	11.57362663	7.527169884	7.565654851	7.366289862	8.061597948	7.692071385	10.10084157	9.276698566	9.09015085	7.986548985	8.206083775	12.35291582	9.117405645	8.872765458	7.400724217	7.392463938	9.645412141	7.594007289	7.436984999	12.26639488	9.609337502	8.855424554	10.4949629	7.66877271	10.61338385	7.756834605	7.472851653	7.909443252	7.47003455	7.372324701	7.469260791	7.454446865	7.871193997	8.428934622	11.29849669	7.340620157	7.345228988
GSM825686	8.585364121	7.40533715	7.534065267	7.872413422	7.4009590425	7.360082287	8.433627135	8.509905497	7.536966448	8.2563414835	7.310843698	7.439058751	10.32958597	7.427485874	7.589976778	8.790084014	9.179820319	8.219387691	8.84621554	7.8103782735000005	7.4766475015000005	9.1496949125	7.512836592	7.635564063	8.612959016	7.571533254	7.415542248	7.478983736	7.379966834	9.05879904	8.460402408	7.6597889395	7.462528875	7.563447746	8.733305051	7.434265837	7.413492652	7.343074156	7.436681306	7.399387257	7.492034572	10.49602389	7.330696377	7.396046308	7.421860174	7.431638326	7.398442853	7.598713698	9.513624388	7.480889702	7.3708907135	7.470741491	7.48534232	9.266869753	8.109150944	14.54651211	14.16866297	11.63390226	13.45839377	9.1618222085	9.101166955	8.441448639	12.94929297	7.761957919	11.73740504	9.541742478	7.508025564	9.908294835	7.40841263	7.388017555	7.504501253	9.076373259	8.271109917	7.276617988	8.014070798	7.447944286	7.545677245	7.397011089	7.49235363	7.471374494	7.389052433	8.086192573	8.146825123	8.5661503795	7.710669412	7.324764861	7.357619027	7.2954719345	7.446900660500001	7.43216213	7.451150625	7.285400184	7.415135343	10.09025178	7.460008112	7.668740895	7.587064323	7.438721293	7.299502185	7.63104415	7.55989142	7.391094784	7.481207499	7.324764861	8.122779601	7.590947591	8.435151096	7.395560792	7.436681306	7.415135343	8.063204686	8.339078243	7.366137161	7.441069298	7.330038901	7.589653172	7.708119357	7.55181271	8.423794066	7.37604573	7.458747991	7.417155187	7.388536148	7.535676874	7.406224676	8.663532906	7.458117723	7.728793973	7.46379031	7.438721293	7.353387247	7.793553892	11.46023499	7.688308196	12.28479921	10.37790205	7.426381634	7.581886734	7.343074156	7.369104618	7.323759081	7.6812213735	7.838639439	7.40754267	7.389566425	7.519259842	7.43216213	8.660713677	7.951865081999999	7.438721293	7.452106422	7.273229315	7.473908235	7.954935562	8.162748633	9.760907804	7.882065264	7.427118897	7.5114123045	7.3326659	7.364938618	10.11241447	7.460323114	9.760057999	7.447298622	8.978978449	7.427485874	7.410132154	7.3100251655	8.142359576	7.416754128	7.500340549	9.387205309	7.401252328	7.756294602	7.403086504	7.424142477	8.328851939	7.460323114	7.491396557	7.410581096	7.818965385	7.370864508	9.37107191	7.736400815	7.521188586	7.66070251	7.31549487	7.62232182	7.421475404	8.899280978	9.755991693	8.617994353	7.677731203	7.674200965	10.8666308	9.117296104	7.976381543	7.343718085	7.329380977	9.220071253	7.500340549	7.439731592	11.74090423	7.468527367	9.765150192	11.32294613	7.517010647	8.250140131	7.439395513	7.3877639770000005	9.740293542	7.420313323	7.363733704	7.435995227	7.437023176	7.519581244	7.621998649	9.279254401	7.34436111	7.357619027
GSM825687	10.95086898	7.439500655	10.27504732	10.04400162	7.409368884999999	7.372106292	8.461141749	8.464986991	9.784769833	10.681492517	7.404381372	7.64839651	10.95156628	7.450988049	8.786974847	9.998000276	11.92252657	11.67159838	11.86651953	7.992359808	8.4478856725	9.505366263500001	7.778101307	7.95066817	10.26026873	9.227579589	7.770008359	8.77497416	7.454529321	8.571595639	11.38743297	9.3259254795	7.65461475	8.010229007	9.732267325	8.006783518	7.455256002	7.382726984	7.462815815	7.453131414	7.457941824	11.77684678	7.558237049	7.568797138	8.1030747	7.7787415125	7.580033215	10.14152529	11.74581815	9.668869019	7.457107188	8.171714185	7.832404639	9.571196524	12.47812388	15.30173132	14.72982132	14.3157551	13.63928177	9.9199880655	12.6805378	11.65845272	14.45533715	7.910464091	11.87697135	12.55227412	7.509817744	11.0653973	7.466049416	7.504250019	9.079715954	9.073125475	13.03378795	7.388206976	8.456349729	7.960163939	7.449232917	7.715296995	8.225555364	8.741993147	7.840026507	8.271716088	10.04547927	8.829892822	8.395924207	8.082577786	7.442184143	8.085496553999999	7.646251876999999	7.44713175	8.234889879	7.446965883	7.550793754	11.10804505	9.516300487	8.84932364	9.421025108	7.445071701	7.357815422	8.301774736	7.617848825	7.779113681	8.450325742	7.479108066	12.38698198	10.82158457	12.86837709	7.391715219	7.441549291	7.680278122	9.367951892	9.517513245	8.208985894	7.479676296	7.318416649	7.918530733	7.617386714	7.819193634	8.670910054	7.556571033	7.793301765	7.499182632	7.420202165	7.637006591	7.447461082	10.30676244	7.620626876	9.44060519	9.573152091	7.629014683	7.412312309500001	9.400778782	10.91297045	9.491242937	12.50804231	14.47135157	7.573952232	8.783510063	7.433009586	7.325427055	7.3809104405	10.461886255	9.618462689	7.617386714	7.82478259	7.757892074	7.918530733	8.331693626	7.874134874999999	7.695489808	7.498850226	7.282333804	9.025693572	9.192328264	10.66218669	9.846850417	10.4307653	8.713603689	7.641401181	9.207493318	7.680278122	13.26981875	7.804465082	10.99918527	8.276045128	10.6034037	7.548751237	7.874040503	7.4042668565	10.32528731	7.872519305	8.211234127	8.429650508	7.773547652	8.648448173	7.353633604	7.974612886	10.21367843	8.21661829	7.536345797	7.470006956000001	7.967644469	7.336800451	12.57424249	10.47795905	7.615540869	7.527067625	7.409838174	7.847647092	9.710799021	9.24075667	11.82482081	11.99917229	8.200868812	8.074424871	13.01136922	9.155806074	9.416737946	7.419170729	7.352584147	10.524000692	7.733265981	7.429846766	11.40626194	10.76612886	8.172632135	12.78608339	8.444112235	11.33739509	8.854463567	7.4044386595	9.662395616	7.44713175	7.652219247	10.08114123	7.723767317	7.872012189	9.303506375	12.97962711	7.303202676	7.329522518
GSM825688	7.957104271	7.412998726	12.7394166	9.960485034	7.580320343	7.436075629	9.948886429	9.54600844	7.458763311	9.083114135	7.365749236	7.636319208	8.963788872	7.859968224	8.10250608	10.18406829	12.52141896	11.41963666	10.91818996	7.4509338409999994	7.430430597	7.715177605	7.881953461	7.883173217	10.64387807	7.772216372	7.522442235	8.390948617	7.50887811	7.892924026	11.6262157	9.180480416	7.455030898	7.745362014	9.471796916	8.50544388	7.397441476	7.323874971	7.439350178	7.416912219	7.443409235	13.78082986	7.454177284	7.548421122	9.044021778	7.4492777965	7.46138041	8.477752935	12.43505116	8.266256057	7.3802341145	7.619265252	8.255360184	7.550932651	8.483017389	15.34359589	12.64285999	12.5399433	12.0902927	7.7941457855	7.46461509	13.44323498	15.28032855	7.474854251	11.10194954	14.17512122	7.526580107	8.815756916	7.495367029	7.419900465	9.633766998	8.067921374	8.825687946	7.444267467	8.1944634255	7.534945446	8.065598548	7.416530063	7.571694536	7.844470122	7.469690037	9.10911289	8.101742914	7.9802258985000005	7.437276832	7.441102216	7.6582876	7.400876499	7.691860369	7.433631756	7.610815605	7.297853528	7.414981365	9.456464089	9.685013232	8.184854202	8.321088811	7.372768816	7.426890343	9.901300403	7.592956854	7.545918441	7.688490354	7.343433841	11.83834436	10.31835237	12.44592697	7.431124605	7.439643674	7.448240027	8.571918176	10.48134034	7.640612496	7.406274897	7.349655539	7.466098263	7.627767575	7.401282057	8.989635629	7.374014677	7.505212715	7.424859213	7.388088429	8.287152077	7.397931675	8.858886874	7.708957799	9.289052726	8.138462004	7.448804897	7.3720442745	7.410547429	7.727930593	7.372142181	9.500685931	15.56804413	7.505876996	8.457789382	7.392372662	7.2938206	7.374881257	10.645783484999999	10.01156027	7.635929474	7.443409235	7.854260523	7.625056783	9.951826633	7.411967313	8.328202853	7.467290508	7.60128211	8.307114751	8.347700804	8.731524139	8.774149668	8.429640258	7.430166126	7.634077383	7.41137353	7.418421395	12.25348675	7.826915829	8.458103085	7.435773277	8.697968053	8.205646364	7.835898743	7.3529394025	11.10932096	7.558881967	7.667781458	7.579101737	7.89251801	8.882148948	7.371513128	7.613881892	7.913191724	7.498297	7.462258701	7.426282821499999	7.608138691	7.35915359	7.329460473	9.564081095	7.520727221	7.546989925	7.399384728	10.13059304	8.565148109	10.27241676	9.95542837	8.647514091	9.057190976	7.881546833	14.18311964	8.442664576	8.013990211	7.63983106	7.404944824	8.497032329	7.841613425	7.443409235	10.15491721	7.448240027	10.01813119	11.05434829	7.780370912	9.886811691	7.876258791	7.7413699665	7.848958212	7.712583434	7.301229252	7.550214177	7.489570327	8.113163962	8.986396691	10.52414464	7.293150308	7.326664574
GSM825689	7.813996037	7.393133691	10.91182558	10.38222492	7.4618193989999995	7.395779172	8.866778569	9.120534535	7.639318685	9.7272275265	7.32002878	7.521485404	11.94680008	7.559433444	7.89575399	10.71142395	12.86738222	12.4598749	11.70089107	8.6689961955	7.519516012	8.0555141125	8.062818088	8.284447874	10.19659114	8.116885534	7.517637478	8.030475162	7.487626345	8.250387954	12.30909826	9.870567582	7.521726736	7.86473877	11.65452263	8.405424593	7.40433761	7.330676362	7.446448348	7.395779172	7.445643494	12.01246339	7.441551942	7.537613261	8.054904507	7.5783767575	7.514053402	8.796583871	10.36715342	8.57353947	7.4230764265	7.82885003	7.994265082	7.892771441	8.885434409	15.01584325	13.62916966	12.23474748	12.90102004	8.680925282	9.104330667	12.72475485	14.71889815	7.654462671	10.4339192	15.04795834	7.522451313	8.099441648	7.493747096	7.423008505	9.599362552	10.00834282	11.87569973	7.486727419	7.726154194	7.477854609	7.584913829	7.418036893	7.783940571	7.840929625	7.50414408	8.716231395	9.563701986	8.879823161000001	7.528522798	7.512388762	7.485606675	7.7445669655	7.840430035	7.479391717	7.700358388	7.33505516	7.453646486	13.11867352	10.49708846	8.575608345	8.861409775	7.485830564	7.355902233	8.647147752	7.530233239	7.604067926	8.108930592	7.442793994	12.86316666	8.353938854	12.9444254	7.387554121	7.455262311	7.429595719	7.97926386	9.226754822	7.884082138	7.440293852	7.300782931	7.521485404	7.670239555	7.467502987	8.419545281	7.411573442	7.571452063	7.545819838	7.407332093	7.913599518	7.433906138	9.362442687	7.647149174	9.383925001	9.61626077	7.478732126	7.4235208665000005	7.341277794	8.939126605	7.526816864	12.40575805	13.12056528	7.498107945	8.546021591	7.415536826	7.283597568	7.371419425499999	11.215061225	10.61004968	7.613344547	7.442587995	7.789460739	7.659893278	8.300545374	8.143975678	7.794151316	7.479611855	7.579198568	8.276790263	7.594324889	11.02268552	10.6041323	9.010935816	7.439231398	7.763236456	7.340037464	7.366979005	12.01834056	7.704205992	8.486190244	7.550584615	10.36405765	7.626420511	7.787528889	7.3798884255	10.39068689	7.608301721	7.924102459	7.438587146	8.555943178	8.806094216	7.390392996	7.600636938	7.700633128	8.19292795	7.502045872	7.4282581545	7.55917938	7.417112097	7.50344366	10.67525233	7.535637549	7.669966843	7.432266994	8.473837116	9.252017729	9.216927288	10.24409503	9.461159412	8.674810182	8.146421476	14.69338775	8.098690569	7.662340494	7.328796752	7.360045846	10.007205625000001	7.714937173	7.417422032	12.55737343	9.382996596	8.975415822	10.17836665	7.767095654	10.30206328	7.827750769	7.5155020045	8.405424593	7.423287579	8.120603089	7.806558852	7.490788671	8.050296277	9.59926025	11.11423856	7.355902233	7.340657932
GSM825690	9.229075807	7.394768689	10.49013161	10.67876301	7.51437947	7.428738628	8.536349572	10.75022835	8.516332566	9.340019746	7.398043995	7.835951283	12.20410672	7.684479361	9.069078709	10.44394829	11.86731087	11.65690169	10.86299125	7.53751316	7.5769176305000006	8.921049196	7.631145197	8.076630517	11.81407083	8.885168952	8.293546764	9.106397755	7.691244514	9.194300951	10.29648199	8.712994228500001	7.603560904	8.356860366	10.02272408	7.983153115	7.442217202	7.330380403	7.518177999	7.56354141	7.46794924	12.05822095	7.504972633	7.829055349	8.162737608	8.137246986000001	7.776866102	9.829806033	11.83235538	9.980134148	7.4265274485	8.022118377	8.474865531	8.173457953	10.06304272	14.74269203	14.05276626	13.50101005	12.99057243	9.2284803435	12.60272207	10.63736812	13.54623982	7.829917515	12.75366494	13.19005777	7.784626847	11.1091968	7.558201108	7.477762011	8.650388375	9.41959121	9.42513813	7.381346663	8.270419722	7.672685682	7.676890743	7.425320013	7.788077082	8.488917103	7.637309499	8.35210829	8.429657142	9.083361807	7.736866256	7.553656747	7.445506327	7.4375109434999995	7.469639247	7.449885697	7.549143978	7.44139067	7.425320013	11.56124247	8.825553351	8.45973317	9.295952274	7.832934716	7.377414436	9.723901402	8.287175158	8.963384885	9.619464435	7.400301397	12.03179404	11.03936147	12.68518173	7.453477907	7.841982274	7.525295474	9.284579804	10.98505246	7.737295087	7.436078198	7.29932361	8.201084378	7.730010005	8.224543998	8.35176829	7.447693602	7.626641805	7.689128498	7.434361051	7.689974701	7.481227398	10.83277804	7.792821898	9.022085916	9.067592171	7.412946819	7.3825744465	7.944513282	9.844744868	9.454876387	12.83334266	14.09237448	7.577453495	8.356860366	7.349864055	7.311150404	7.3443289709999995	10.536179615	9.668950374	7.474034551	7.514661489	7.825606248	9.186267125	9.422619325	7.73515544	7.614033532	7.451537568	7.393807302	8.497286342	8.197327846	8.622170447	10.07813265	9.541354655	7.709507279	7.601597542	7.436362191	7.455155911	12.5071188	8.278638169	8.522122019	7.69251493	11.1267515	8.105764225	7.990240722	7.5047339245	10.78777425	7.833365694	8.606424864	8.062922057	8.214533647	9.476599582	7.375693165	7.878084189	9.000032797	7.734294032	7.534708613	7.5394321895	8.944147679	7.299939511	11.62695556	10.70685857	7.929698557	7.937324863	7.442767014	8.323973941	9.623883733	10.35316525	10.67291906	10.72605389	8.386396762	8.439320414	12.21385014	8.676169986	9.199373585	7.402493563	7.398043995	10.117518299	8.173839564	7.47713689	11.94642748	11.33264358	9.750914263	11.69200057	8.361597707	12.33739442	8.154267056	7.606939169	8.984627125	7.43054881	7.39234321	8.389053781	7.51291411	7.464672411	8.182971983	11.29980833	7.329080084	7.355610419
GSM825691	8.950866065	7.374047703	13.10943522	10.18654894	7.8159054050000005	7.501392784	10.26269008	10.06843486	7.570633927	8.810137615	7.339504068	7.578030003	12.30243692	8.127253304	8.425393533	9.868066851	11.86340318	11.50592161	11.0163885	7.4360565345000005	8.013754151499999	8.817366269	7.885069995	7.94748057	11.52998112	8.273915961	7.559359582	8.500365735	7.524298242	7.793082681	11.32256678	9.407355496000001	7.526591788	7.407211376	11.22137367	8.549727964	7.40028325	7.361007812	7.429552243	7.329410315	7.433184604	12.59238951	7.351270752	7.42780049	9.576062229	7.338493209999999	7.408920804	9.176501279	12.62433726	9.191519645	7.411660867	7.866467856	8.940838619	7.493576416	10.21320142	14.88126661	14.17663202	13.34029305	13.88825769	8.8549046605	10.81513831	12.40857045	15.11930313	7.551835316	11.78274029	14.5284547	7.513542678	10.16878206	7.428053215	7.434129418	8.618735851	8.308379623	10.9449305	7.450644832	8.4133554005	7.509917861	8.392075976	7.411888556	7.794443272	8.17760442	7.526304556	8.981844639	9.474251999	9.6086590875	8.002954271	7.443906986	7.391734021	7.5679750949999995	7.700818353	7.452473053	7.60342538	7.372474267	7.450872438	12.28269558	9.666641249	8.013729504	8.806595758	7.338317537	7.317068646	7.926442112	7.528030243	7.453393438	8.920025376	7.38211073	11.8979345	10.63589915	12.36889731	7.415642906	7.418028134	7.428806363	10.23498888	9.526814742	7.65321303	7.430045627	7.317068646	7.505221703	7.709092265	7.827435719	8.845840785	7.405811045	7.562087154	7.344237174	7.373525232	7.941814958	7.429552243	10.17339187	7.477421486	8.720369499	9.387623006	7.443236936	7.437959122500001	8.078055175	8.265680905	9.001329194	12.3747134	15.18192521	7.50770161	8.380725376	7.365461579	7.280375241	7.3487527695	10.2035265765	9.174091486	7.498139307	7.531787873	7.682327169	7.568794879	9.886594287	7.5994692950000005	8.411942097	7.472883149	7.41861076	8.453480028	8.446885912	9.73435935	9.948592601	9.005447925	7.456179333	7.7516008339999996	7.404741049	10.08790852	12.31125314	7.839329775	10.13970319	7.483581344	11.2308025	8.253104716	7.602790901	7.2799231795	11.59565738	7.560873695	7.741476217	7.823695803	8.480084961	10.37124836	7.391734021	7.723230816	9.298343552	8.37275826	7.562998503	7.464880417	7.593631566	7.344826837	7.412529839	9.973284507	7.493043237	7.754351087	7.377138636	9.508837509	8.088811224	10.02958842	10.15469825	8.150318064	8.881047005	7.68365941	14.81145066	9.268638338	8.357779042	7.566959925	7.368194126	10.029575843	7.535570472	7.480999928	12.2215954	7.882367612	10.57628878	11.96782275	8.146034844	10.27016074	8.535367769	7.921321498	9.58426728	7.551535986	7.355893187	7.432469936	7.476660162	7.752655638	8.328487428	9.159392874	7.343646999	7.386374856
GSM825692	8.654857726	7.395860056	8.90486993	8.926620197	7.381734797	7.423967061	8.150685459	10.67051543	8.24727005	8.7663416355	7.450208951	7.558383462	11.15832939	7.471067876	8.514413941	9.754541735	11.24385855	11.01033002	10.2895893	7.472035038	7.4168892584999995	7.745449386	7.748458813	7.935608463	10.76905572	8.969076223	7.593932681	8.30131878	7.513168964	7.75892033	10.43468604	8.852606789500001	7.421109497	7.644196614	9.828744201	7.765980921	7.411048779	7.32632865	7.448111973	7.254454434	7.463783826	11.88505524	7.488688089	7.472542345	7.657585031	7.4759175975000005	7.469808686	8.766936088	9.923717215	9.174405272	7.3675411585	7.68270348	7.676992519	7.91276756	8.850322788	13.53516387	13.32976677	13.47401333	13.08296279	7.900301733999999	9.790401198	10.34106064	12.57433457	7.477213585	11.76584061	10.26872538	7.460045001	7.519396735	7.470857713	7.456819818	8.276550739	8.059314422	8.094829517	7.457912026	7.9421587124999995	7.641372695	7.624752955	7.36673432	7.787932396	7.781402427	7.65165563	7.807498323	7.567906533	7.9105709625	7.59794254	7.303346615	7.438042185	7.4666740685	7.5068599535	7.399273266	7.611803552	7.287701177	7.491547913	8.917237845	8.383338949	7.83221153	7.921415646	7.334173189	7.297228728	7.738782676	7.574054416	7.487592777	7.697791182	7.336816582	10.67413015	9.807481991	11.31974635	7.407526464	7.419122543	7.399939563	8.191893303	9.030942593	7.673362201	7.456819818	7.297982748	8.81491261	7.66507692	7.507230174	7.974037908	7.295729812	7.510192239	7.459834238	7.396553712	7.563989368	7.417587835	9.585530233	7.497764893	8.156862161	9.006992345	7.448646791	7.4549836549999995	7.664301131	7.602214437	7.414942603	12.47766949	14.03914128	7.569624638	8.230558312	7.410473795	7.328058213	7.3414272595	9.093950150000001	9.093360192	7.512251508	7.492431305	7.817394422	7.477854865	8.013142445	7.5379679705000004	7.521950975	7.459622981	7.291305616	8.364698481	8.128314972	8.366891827	8.294433348	8.778201421	7.352771622	7.6359494439999995	7.294984904	7.322047973	12.24382469	7.890794442	9.417749006	7.460045001	10.06909105	7.485627788	7.688681442	7.357504762	9.402805952	7.60674993	7.449952831	7.444444335	7.863275808	8.276762371	7.354538047	7.788715762	8.583081129	7.988712203	7.638039355	7.4007463495	7.985734412	7.368442654	7.766242397	8.391005245	7.522416413	7.466472132	7.41440015	7.803849198	7.509507371	9.367742106	10.82005607	9.569603755	7.968044977	7.698833183	13.59601034	8.355491361	8.907100802	7.434431937	7.359807799	9.4051123505	7.597691614	7.4554804	11.19206225	7.507684908	9.768762487	10.6805803	7.718397868	10.35793964	8.201703764	7.448523295999999	9.393709168	7.465022289	7.367589804	7.502702598	7.453636148	8.014124308	7.883868372	10.93760144	7.327192308	7.358056968
GSM825693	8.428557723	7.358826962	11.09074975	8.913349029	7.637556418	7.445123666	8.910391517	11.42223673	7.587111434	9.4235858685	7.375563179	7.959194413	9.180619462	7.605490558	9.107845929	9.926509563	11.94397784	11.27643492	11.0710184	7.449662611	7.4234630155	7.991625753500001	7.577323308	7.714374692	9.648377651	8.324765299	7.460463463	7.513837259	7.429789521	8.034822833	9.542236149	8.4884382465	7.465286142	7.611535091	10.35661336	7.788730829	7.419143009	7.320970036	7.420028374	7.377097145	7.477053432	12.94924321	7.413471733	7.438778772	8.378908671	7.438274541	7.453932213	9.403022296	11.0565108	9.329091809	7.3882057565	8.351694485	7.854844334	7.456650558	9.545979875	14.76531984	12.24153213	13.583727	11.67236184	8.06235787	8.738681586	11.7417726	14.50865761	7.492305505	10.69953615	12.94886305	7.49034929	8.269805823	7.469345718	7.485760079	8.390097383	8.999443874	9.638676323	7.427655215	9.3458304935	7.585513448	7.705778581	7.421325705	7.895749773	8.268784735	7.790239388	8.347317825	8.006434771	7.772900740000001	7.650083606	7.423408089	7.410393707	7.342427711	7.454592011	7.435494749	7.634152951	7.304733606	7.454896181	10.9264751	8.706787919	7.70933206	8.661824922	7.386008392	7.314662481	8.623484805	7.539729097	7.629080689	7.750505808	7.420028374	10.24690331	8.477665805	11.05698058	7.401330174	7.444924167	7.425004372	8.200755621	10.01051437	7.395647859	7.442159081	7.367720131	7.593273846	7.662166697	7.450087465	8.231857614	7.380874117	7.661588904	7.440283043	7.401934858	7.659856924	7.45040366	10.2880146	7.48976741	8.431337202	8.211362429	7.34477214	7.381003216	7.359644353	7.47245025	8.148949815	10.40757994	14.75404132	7.603576915	7.850019133	7.394327534	7.306235434	7.348123161	9.1824705875	8.678477598	7.461454605	7.50141338	7.775464717	7.708146999	9.441216142	7.365423207	7.681941005	7.444314872	7.458941507	8.7348242	9.291124612	8.931503287	8.283275728	9.138300692	7.341446547	7.4624291415	7.334812788	7.375563179	12.79892817	8.200223575	8.419492145	7.479525476	9.095230349	7.590855618	7.777875337	7.4262362625	9.794462038	8.085302534	8.24071303	7.584450384	9.270201504	8.28352882	7.362897645	8.078237854	8.018637278	8.120009774	7.516051742	7.410668986999999	7.748705999	7.380125641	7.373239258	8.382249391	7.522815076	7.544584969	7.383831229	9.186411814	9.443519821	9.791315276	10.53145987	8.676679824	8.355332868	7.943200517	12.84958302	8.55291702	8.231335221	7.454209665	7.396300406	9.236048461	7.705186838	7.4308111	9.298367716	7.476184466	9.388168004	11.26658354	8.006143592	10.79846353	8.975475928	7.635538809	8.641336041	7.461311945	7.280607117	7.678142239	7.470965491	7.91878982	8.273883845	11.05546643	7.342277781	7.32823876
GSM825694	8.257614855	7.385592728	13.49840322	8.92606651	8.166622197	7.718168331	9.59045515	8.633840944	7.61741738	9.0099609785	7.380319618	7.59304258	10.50364469	8.326229296	8.719251049	8.517122919	10.57749324	10.1293266	9.840321138	7.437797842	7.756206034	8.4532404955	7.52689644	7.538909516	10.92130696	8.590126507	7.461409904	7.575891358	7.422318246	7.533419025	9.76300621	7.8800030434999995	7.445728901	7.440768309	10.31161257	9.513718156	7.414793127	7.348226023	7.396329742	7.306469398	7.450787565	12.26575597	7.390059921	7.341246779	9.094015312	7.401197942	7.36186915	9.515910967	13.13494657	9.689024567	7.3685517444999995	7.995573111	8.997529889	7.879855111	9.487285069	14.73284066	12.92069294	13.38233866	12.62145781	8.5372968185	11.37198752	12.71391139	15.27598949	7.457058056	10.97669546	14.8577359	7.454305695	9.242275835	7.436020333	7.440088714	7.947762683	8.914528551	10.61696332	7.467768499	8.725381676	7.661674903	8.019602331	7.411919283	7.7389698	7.971065968	7.576638516	9.124799337	8.955250305	8.6412917705	7.613481242	7.471199578	7.436832919	7.408577678	7.456523297	7.443573087	7.437616157	7.331407557	7.484159096	12.14652099	9.897491276	7.558008408	8.3294445	7.318823687	7.325792095	8.545570876	7.485080772	7.424758941	9.151862884	7.443573087	10.94256371	8.871607467	11.67227749	7.398296174	7.445255433	7.440362832	9.537030817	8.307263407	7.472873192	7.392209647	7.301727903	7.729397488	7.740379395	7.517032632	8.562278278	7.329299197	7.692783884	7.363863184	7.395828268	8.076310552	7.427492611	10.05255607	7.475430437	7.956381185	8.572926279	7.394300353	7.443484199	7.459201162	7.705863555	7.999957518	12.3305145	15.25970474	7.50461517	7.565774974	7.34474502	7.281772397	7.3024925155	8.8811428335	8.310750024	7.459056227	7.503591541	7.483425778	7.454982326	8.880381248	7.3655227755	8.9470326	7.43822308	8.3668484	8.460962363	7.627991881	10.18627316	10.41227839	9.302539784	7.750823846	7.489269268999999	7.484159096	7.501760816	12.5036541	7.618206579	8.316543817	7.459201162	10.39542773	8.142438549	7.597653923	7.286773048	11.55039378	7.605141173	7.582145299	8.15805596	7.901568172	10.27417628	7.402044388	7.782265369	8.226070232	7.410790317	7.447499436	7.357287824	7.550126308	7.376671617	9.227835149	9.820667034	7.468737092	7.530029629	7.371021516	10.1392165	7.822881098	10.47336424	10.66950326	9.181174073	8.540764714	7.517032632	15.06234899	8.221407129	8.259055542	7.436185303	7.348919672	9.263321018500001	7.460223845	7.477691164	10.76085467	8.816077026	9.950657263	11.88108214	8.203863866	10.43963767	8.09086644	8.118787903	8.636297487	7.609040681	7.409632455	7.54988956	7.432040016	7.608519724	7.880137615	9.796530453	7.300379399	7.28505951
GSM825695	8.303315042	7.405883226	13.97229232	8.442192864	8.279881276	7.681548271	11.04720056	8.878452546	7.928411986	8.760196368999999	7.345988453	7.484041201	13.76970437	8.334789908	7.915723529	8.710148128	10.38282148	9.169261584	9.074600328	7.5813755605	7.472188889	8.4143650215	7.523980551	7.570246057	11.31817353	7.543400511	7.441086714	7.613864706	7.439505941	7.455190961	9.328739872	7.6106334245	7.834333385	7.436980212	10.25296523	9.588360008	7.439050778	7.321686726	7.386506955	7.338492813	7.453639566	13.76194503	7.426900269	7.447716301	9.299409722	7.396031145	7.387414681	8.067637985	13.21408175	7.966493307	7.4110777045	7.487203833	8.953928687	7.540171822	9.380565291	15.06727802	14.78345449	11.97864227	14.32768137	8.9021282705	11.85871683	13.78247073	15.1445184	7.532692648	11.90510888	15.11227461	7.496334367	9.04657092	7.423127084	7.413630222	7.65052559	8.385080367	9.859595408	7.50185014	8.474441829	7.596406174	9.017424756	7.394757137	7.59356532	7.485741148	7.442650975	9.885474148	9.290588858	9.5430027025	8.102872605	7.451657562	7.409696136	7.2973075375	7.472533501	7.457422509	7.418248264	7.295165461	7.462393764	13.14880037	9.3455476	7.627454091	7.941056302	7.326889145	7.299046722	7.6640725	7.51538646	7.414579375	7.521886014	7.426108585	9.593727406	9.038318171	10.30410469	7.407641986	7.438822561	7.44086198	9.821178717	7.842133668	7.417047308	7.426637347	7.325151846	7.448591494	7.755201639	8.314522018	8.846318226	7.360067965	7.529775961	7.284199809	7.397196874	8.257950112	7.430485584	9.65230065	7.492857565	7.731754649	7.715262096	7.357856564	7.4187440795	9.81737584	9.899937993	7.472110709	12.46910079	15.43416838	7.461029659	7.50210234	7.34770564	7.260668015	7.329540172	8.268759975	8.377623378	7.401098852	7.409696136	7.432461598	7.449247771	10.0485745	8.135354652	9.185048114	7.544479762	10.64011442	7.682736672	7.509214681	9.78394988	10.93583116	8.221598356	7.446840376	7.558143810500001	7.378423286	7.367112819	11.93877274	7.639394772	9.009024476	7.411032652	11.6928803	8.628486757	7.446840376	7.292094132	12.0429476	7.653758176	7.570802132	10.05578503	7.561666911	10.69603365	7.345988453	7.579179124	8.196729906	7.44640195	7.4642221	7.3996841584999995	7.496833188	7.388758463	9.069093696	8.854018097	7.513321668	8.402195088	7.376933151	10.62443756	8.058105232	11.59729131	9.608731046	8.925256057	9.281855485	7.839134455	13.84220194	9.868802771	8.664151966	7.502354667	7.3533815	9.213703648500001	7.542053562	7.438822561	12.15562951	9.150262429	10.47155118	12.38879333	7.767241473	10.59773584	7.497082797	7.7137780015	8.239494542	7.86817173	7.361713829	7.795846766	7.365508031	7.481625052	7.594984961	10.34420908	7.321110749	7.36923114
GSM825696	8.510905481	7.36282409	10.17313069	10.18474349	7.4025274005	7.318177947	8.98234163	8.955869809	8.15743762	8.0906435105	7.260314776	7.436751867	10.72590798	7.475643155	7.530788065	10.21664067	12.17549071	11.41926506	12.24996129	7.506495962	7.4960502694999995	8.077807872000001	7.645110738	8.340383337	12.36222221	7.494413226	8.959970903	8.383882362	7.563971851	7.79187224	11.70300073	9.387796586	7.829000581	7.496573877	8.673235842	8.148777064	7.416166432	7.298207769	7.423248728	7.39686034	7.45606446	11.66790217	7.446303945	7.458992929	8.042493216	7.4515061105000004	7.458284865	7.738801644	9.829797907	7.590235491	7.4277227595	7.475643155	7.93908091	7.449303553	10.19244006	14.60168274	13.69497749	11.90445419	12.77198575	9.1449232615	10.66763734	11.81375148	13.49672199	7.905574252	12.64977177	12.26912513	7.468362933	9.602506569	7.400012343	7.37699066	9.08634742	9.404874588	11.32239195	7.387894345	8.8888127135	7.458053343	7.512660067	7.402043508	7.468987158	7.453194579	7.414598845	8.61638008	9.124512168	8.6414853095	7.454201078	8.877614596	7.423891784	8.015220451	7.807913528499999	7.433245789	7.519531996	7.328303063	7.387894345	10.70380299	9.492323081	8.315430246	7.657062187	7.414598845	7.356194252	7.604500087	7.554799708	7.446551456	7.527148392	7.292715194	12.9669742	10.6308117	13.52161426	7.443910847	7.453998789	7.46961909	8.120579743	10.06910006	7.849758451	7.475995097	7.366756194	7.437155684	7.69158977	7.452794042	8.109753099	7.364139329	7.448868534	7.440484263	7.432770881	7.627455966	7.428647652	8.955459123	7.547512597	9.065770389	8.728607855	7.46565098	7.3952019920000005	7.58172451	8.399091421	7.538222283	12.32955689	14.1642528	7.405927165	8.26882463	7.432770881	7.341479548	7.3573594175	10.054046619000001	10.0218679	7.525604879	7.389056142	7.909859359	7.508369639	9.121180816	8.221313327	7.990048301	7.454607831	7.387894345	7.507430209	7.752169223	8.860274721	10.33698046	8.079749464	7.436340735	7.8817619795	7.420561402	7.447972879	10.47989074	7.449731244	8.338570203	7.461758952	9.035184953	7.613341537	7.412146419	7.314981142000001	9.58951658	7.428089431	7.500105012	8.113141339	7.496573877	8.885356752	7.338815058	7.461496662	7.554799708	7.619084224	7.466836499	7.4181669075	7.821848575	7.428089431	8.532995546	8.998417805	7.502811668	7.598256754	7.37823808	8.048733928	7.452994264	8.891352685	8.570015081	8.856347254	8.513615891	7.69570786	14.38965022	7.62293711	8.087964971	7.435922144	7.405927165	8.925553729	7.558785706	7.435062005	12.14133779	8.241554323	9.032446599	10.24663157	7.493559146	8.996016607	7.46805373	7.386653649	8.814740928	7.447036908	7.34950879	9.036357107	7.467746477	7.92555347	8.607725055	9.478121143	7.354860118	7.319417627
GSM825697	8.341631625	7.394341307	7.579683969	7.742241755	7.3933151215	7.419274342	7.564824504	7.68443102	9.601418438	9.453868887	7.432280709	7.701091931	9.602587804	7.449558088	8.154935595	8.755625145	10.02454922	8.738528176	8.508747812	7.448054431	7.3394996235	7.9727211985	7.444918497	7.610760662	8.298696126	7.752858199	7.572506187	7.464343643	7.380683737	7.453913142	8.615571781	7.498076442	7.468592685	7.494935621	9.365657959	7.429580003	7.444918497	7.302508917	7.436423821	7.328170966	7.443976934	9.863548194	7.368005542	7.800400523	7.381187177	7.4411513015	7.407261584	8.867483924	13.6779409	8.571607762	7.40639159	7.802467647	7.457359554	7.483545301	9.437550186	14.12948041	15.13391527	13.99687878	12.06346528	8.1747915205	13.60901977	9.239642715	13.61256082	7.505029217	11.58980049	11.35368706	7.490698199	10.28510598	7.417350361	7.421455844	7.566192442	8.086478163	7.535452034	7.316763057	7.9248032415	7.744600093	7.369647555	7.400249654	7.785632637	7.740473367	7.552590925	8.094435217	8.840496221	7.8396136195	8.006601554	7.479641136	7.420529005	7.33297278	7.410921269	7.452768159	7.448406468	7.301918625	7.450935582	11.0320728	7.667264632	7.53784255	8.404228401	7.33479909	7.296618356	7.577470969	7.539973007	7.52937375	7.506557643	7.346764399	9.342654359	7.731636628	9.503792221	7.422974547	7.438672321	7.431480216	8.194713015	7.638975648	7.413341798	7.350895516	7.277360287	7.628097346	7.711353114	7.541841383	7.827256749	7.406512909	7.480370825	7.330581802	7.422673354	7.583010696	7.4123043	9.179339963	7.452997121	7.677728561	7.518913045	7.368005542	7.345563036	12.72357577	8.563820142	8.25517794	15.3223	10.12184957	7.475286143	7.526482816	7.32215376	7.247473009	7.2884753589999995	8.051063185	7.750793145	7.378648604	7.409464383	7.38846457	7.533597387	8.3748575	7.3679140275	7.390771283	7.425630374	7.290754378	8.348089005	7.532010967	10.87071632	7.74754875	8.903818525	7.823717856	7.5358117745	7.798628599	7.325159604	12.19912604	8.250134375	12.89994573	7.44538721	9.401249351	7.454600608	7.711940088	7.2697308505	7.904723154	7.72192783	7.811915216	12.21865614	7.57168071	9.43240977	7.382187486	7.881639527	7.713701384	7.529900505	7.437429726	7.3841800719999995	7.452539195	7.350307811	8.989759955	8.097446163	7.534126868	7.691730094	7.33900658	7.468118452	9.176217905	7.818702834	10.89183209	10.55057365	7.643572312	8.00064268	7.814866689	9.088353	8.073524196	7.264081257	7.367454957	9.5162780565	7.608499537	7.438425059	9.618878396	8.836890351	9.294058696	11.01763788	7.902098588	11.12944746	7.608217112	7.322555437	7.494685476	7.435150528	7.301328611	7.462469119	7.499204679	7.38846457	7.584121501	12.13320894	7.346764399	7.327568412
GSM825698	7.659498169	7.366761002	13.34938384	9.040246792	8.0852338675	7.499680862	9.491449701	7.927675737	8.263077629	9.9182648645	7.281295122	7.498221104	7.368645422	8.195339254	8.034843506	8.576405998	10.83043439	9.917752981	9.86516915	7.3773004905	7.5664820965	8.105262576000001	7.555107493	7.617426046	11.67036694	7.952308631	7.439953827	7.566261445	7.450605819	7.444309012	9.718920683	7.7891355755	7.672790773	7.414873297	9.02326929	8.017006891	7.403835773	7.33029488	7.522063056	7.257095263	7.3971377	9.720102849	7.314835496	7.407670401	9.302164756	7.3661827605	7.38664738	9.165017273	12.76336242	9.108263735	7.338704877	7.902732137	8.482015978	7.490436568	9.105506901	15.27812115	10.19488033	13.47217988	11.36546112	8.4633095025	12.31497348	11.3612222	14.49615546	7.501627252	12.63489708	14.66490992	7.372893793	12.54175587	7.422091735	7.579818525	7.674212066	8.421390715	9.16842327	7.342100287	10.049882804500001	7.657595299	7.414392602	7.954417533	7.591416936	7.579334798	7.287666348	8.527497738	9.272650655	8.7867613925	8.390430904	7.776706246	7.451575139	7.4421235095	7.3831522085	7.411990184	7.389980269	7.293344785	7.692164344	12.25787587	8.827775234	7.708144058	7.851039657	7.316138456	7.335260215	7.694990099	7.475361764	7.431254956	7.600100842	7.336167797	11.10601262	9.978384481	11.67893805	7.390456783	7.411509914	7.437535874	11.88446343	8.802155301	7.397615582	7.337076789	7.235329979	7.504060287	8.008839434	7.525467972	8.403146681	7.33119424	7.599618758	7.280901138	7.454483963	8.004741663	7.365819735	8.736733086	7.42064688	8.178459468	8.699416415	7.411509914	7.60683211	7.82023855	7.506493342	8.095459069	12.48236967	15.008798	7.425465214	7.419202596	7.310094556	7.307532919	7.299942745999999	9.2434357345	8.452016369	7.478764509	7.891450443	7.387599146	7.246126681	9.328055557	7.3020893365	8.224602704	7.50552012	7.433186624	8.302598627	7.628462424	11.35893849	10.79790489	9.487017879	7.407190801	7.557284193	7.372893793	8.676461294	12.27950863	7.550253636	7.556077968	7.392363781	8.224602704	7.871340138	7.574011506	7.2939320425	10.22484484	7.332997598	7.652833947	9.429465185	8.607306257	10.41983967	7.379996408	7.702513348	8.721766062	7.399049747	7.427876619	7.3660666115	7.444309012	10.68596317	7.355980198	10.42483071	7.551710045	8.359780793	7.332546187	9.426760275	7.726838418	9.913362115	10.9397439	10.44979298	7.884913779	9.09005392	14.32145521	7.471959948	8.435081121	7.352256131	7.365819735	9.4101466585	7.468559174	7.901433553	10.63370307	8.13124252	9.170689653	11.43883327	8.154656815	12.41037829	8.583142213	8.237453928499999	9.083067777	7.503087069	7.325377408	8.28657574	7.47244586	7.345777618	7.648543705	12.12541564	7.351327504	7.399049747
GSM825699	7.55985134	7.381666212	13.08536202	9.441561192	7.74542335	7.538698984	8.808135061	9.195151529	9.843624205	9.6868940695	7.286783208	7.53623299	7.673276611	7.871307271	8.022270699	8.630455844	11.27733007	11.34089089	11.40923001	7.3889727579999995	7.978438034	8.4839216835	7.638962121	7.809181424	12.17329216	8.101690117	7.533272138	7.728573756	7.371016852	7.568674455	10.4168683	8.390995074	7.554450053	7.503076839	10.05221358	8.152884914	7.386396148	7.334559885	7.426068753	7.30287358	7.484692279	9.669026439	7.343901689	7.319190385	9.263082624	7.3971597705	7.440369411	9.313936355	12.29533235	8.895887622	7.327266184	8.066540742	8.622703526	7.471252023	9.184258624	16.38040177	11.21766653	13.68921949	11.49712226	9.4789364795	12.44433907	11.74866503	15.30324272	7.503076839	11.02183759	15.13383239	7.441858895	10.70025576	7.494138512	7.474738169	7.835846561	8.929004113	11.82447541	7.329307404	10.0670669825	7.697793008	7.473742234	7.380819621	7.727646651	7.911258741	7.305150802	8.519044218	8.511043904	8.852581733	8.072773636	7.360863993	7.387268967	7.665922484	7.38919469	7.383372006	7.816325138	7.312294768	7.633203067	11.075512	9.251086298	7.776285408	8.440636856	7.337222676	7.348320209	7.697793008	7.59161708	7.440865754	7.709497294	7.360863993	10.53865232	8.838630974	11.52724056	7.404962801	7.44434415	7.556906047	13.40942328	8.820005997	7.371411273	7.4221668	7.320631359	7.521411403	7.996464464	7.442852608	8.232435985	7.370231918	7.694975937	7.315738151	7.397561055	7.98546505	7.371806984	9.328063781	7.497119188	8.375785123	10.92213168	7.590643742	7.504590731	7.339017502	7.521411403	7.385527173	11.85736587	15.85685776	7.36267398	7.515471233	7.413961233	7.296069025	7.3151285625	9.7756215315	8.852706632	7.526850927	7.689332533	7.361946348	7.473742234	8.98174708	7.3225396504999996	7.975631444	7.50506157	7.348641815	8.446518569	7.85955575	9.631988071	8.409641277	9.528989544	7.390797331	7.6291906575	7.353238538	9.475283789	12.62716329	7.508533398	7.714163755	7.413482718	8.224656113	8.071606694	7.864787136	7.29353676	10.34121469	7.377890887	7.971518407	7.607153126	8.143219482	10.63640931	7.47971647	7.72439898	10.15323073	7.71183162	7.552975774	7.449913275	7.4637785	9.022000085	7.329887899	7.958709122	7.45729853	8.297763153	7.331633014	9.702943582	8.955127065	10.24810229	11.18349322	9.962526526	7.96285089	7.893317031	14.87608785	7.440865754	8.500913484	7.456799979	7.339619804	9.0319214875	7.419256334	7.9997107	10.67479535	11.2459449	9.06941407	11.07129974	8.040193085	10.26300874	8.351068131	8.134381607	9.584560861	7.360148384	7.255169285	9.085911433	7.426068753	7.396193836	8.139113067	12.05839778	7.349287602	7.431960766
GSM825700	10.30837144	7.361340438	12.12994928	11.31744437	7.8355060309999995	7.371676728	9.315084338	8.610947308	10.52546719	11.1951437475	7.322799465	8.07491222	12.99642561	7.795460488	9.127045486	10.32231833	13.23379395	11.94614401	12.34749049	7.49666282	8.47935139	9.5951918665	7.871052135	7.834961655	9.915688607	9.471426305	9.412009676	8.618746271	7.535438929	9.362992633	12.16225901	9.35964315	8.17299192	8.764366771	11.93273938	9.089825339	7.443550133	7.332468843	7.50724165	7.708527745	7.491459386	11.47862632	7.433789297	7.776157418	9.204838029	7.826595730499999	8.098915588	11.47851887	10.78831497	11.66131788	7.6207711015	9.483133212	8.99901327	8.259318383	12.18724153	15.26677978	13.12980509	15.75993039	12.96533273	10.5542953005	10.73424464	12.90410813	14.70994318	8.36598431	13.62560896	14.24986758	7.765257521	9.035691386	7.586929659	7.69290981	9.298940421	10.35285013	11.32843519	7.403799033	7.5786130095	8.031428418	7.470818942	7.428871296	8.600089468	9.471426305	7.587439753	8.27878106	8.482350898	8.953616071999999	8.409836338	9.563384318	7.417836321	7.8262352405	7.8746403645	7.342019035	10.29132401	7.455369006	7.646954676	12.42345712	11.43633972	8.667133352	10.22788587	7.501464472	7.322799465	10.27007319	7.763356646	9.161942821	9.906238526	7.475594429	12.38627249	10.22972262	13.15378471	7.417836321	7.680638938	7.576707676	9.615932943	11.01386579	7.55460117	7.425026589	7.250766707	8.904061776	7.787946952	7.646455969	8.35902977	7.796866518	7.998482181	8.724057508	7.453227731	7.949326164	7.423373261	11.4971102	7.915440483	9.964979329	11.68378789	7.581823452	7.4616200895	7.610294577	9.32595864	8.025135529	13.15966716	14.76159817	7.564905158	8.35902977	7.557180728	7.621900619	7.488641063499999	11.43771065	10.33474943	7.575683374	8.776684585	7.74952882	8.878569681	8.785118527	7.4912669585	8.04228795	7.514578187	7.328614884	9.661082454	8.410512685	9.613443932	10.5015913	11.53278665	7.533359604	7.7075587505000005	7.357029284	7.811344569	14.32177588	7.760026376	9.093674962	8.003586911	12.36204121	8.247831331	8.61784821	7.526811262500001	10.63203086	7.633956776	8.396934673	7.775211638	9.241910874	9.99140736	7.434334094	9.037563035	8.326314816	9.091638019	7.825267298	7.6982158675	7.452691931	7.355791818	8.799441536	10.75775434	7.88909867	7.745220806	7.532839537	9.346136098	8.834597365	9.737892894	13.62445196	13.13712926	8.133754035	8.837231246	14.45190498	8.701116765	7.631449672	7.532319377	7.434878575	11.171121448	8.263744411	7.535438929	12.92950161	9.706931298	8.494625851	13.20420946	9.00593638	13.33822144	10.78544826	7.696164018000001	8.830903049	7.415609816	7.240970064	10.95355317	7.813205946	7.49462248	9.923982655	15.05756655	7.342651257	7.325389103
GSM825701	8.106008464	7.392065981	8.755992818	9.506038947	7.470471981499999	7.316333621	8.683046032	9.006816084	8.74022594	9.338608187	7.308340962	7.573637055	12.90725957	7.349786979	8.104700062	9.68014382	12.21595501	10.59159725	10.60032631	8.955620873	7.7466019545	9.330733916	7.785131311	7.970482357	8.382546785	8.184259925	10.44443828	7.476145024	7.396734447	7.885579628	10.46126116	8.128074006	8.218709682	7.596577127	11.59893112	7.834833939	7.366531459	7.319885722	7.4485655	7.296791566	7.455819561	10.27661169	7.374487654	7.457012847	7.6423562	7.4710062255	7.414094896	8.522202078	9.859767574	8.29504989	7.428536136	7.866668165	7.752532936	8.053948879	9.392958015	15.74588886	14.33049479	13.42185104	13.72896576	9.3704328665	13.38510944	11.28734966	13.7902017	7.75445113	12.23598391	13.11070762	7.433537946	12.37342661	7.472111263	7.459787973	8.17712258	8.493961133	9.672476928	7.420995983	8.711239580500001	7.626371032	7.407856372	7.420481758	7.69220407	7.659376119	7.377575504	9.052471433	10.22120013	8.2247440245	8.215006245	8.255310661	7.461370504	7.4220583520000005	7.5885133069999995	7.424523978	8.537495161	7.318109667	7.521096943	12.94174722	9.166028541	7.803800856	8.454937105	7.401204235	7.317221644	8.095518771	7.589660584	7.557793915	7.592423847	7.360783054	11.64655999	10.68101501	12.59720114	7.420995983	7.444846217	7.336720202	11.76718962	9.127219309	7.379097493	7.433537946	7.276327415	7.533763808	7.713714811	7.644242837	8.246841175	7.381351909	7.493002904	7.379852824	7.398031258	7.636703609	7.440610132	9.719126639	7.559144206	8.82044158	9.332372335	7.412989332	7.3651534575	7.59703921	13.5587328	8.216653185	13.13602432	12.67343382	7.421507589	7.81097282	7.361612422	7.328763528	7.321535152499999	9.479911392	8.30639451	7.436238191	7.479802389	7.538614183	7.597963734	9.775961396	7.6462989465	7.692681388	7.600740136	7.521530693	8.323457003	7.67933141	9.525905741	10.00384014	8.801543168	7.422523067	7.5007983865	7.330536126	7.451410358	11.91395782	7.653219982	9.636403627	7.427934424	9.987479327	7.791357629	7.600740136	7.293673758	10.18588192	7.581398883	8.025670629	7.988390612	8.07880599	8.114710481	7.423027003	7.531567174	8.014360097	8.200114274	7.608628844	7.409902842999999	7.498027986	7.371344059	8.050376154	10.93259582	7.548385142	8.439565148	7.367341263	8.363840647	8.473686685	9.431243163	9.700587846	11.24028955	8.15809759	7.674096165	10.23791576	9.211840173	9.06037041	7.306564586	7.372135002	10.706929007500001	7.640470766	7.392065981	13.32472027	8.534786829	9.215657596	13.20545238	7.805713911	11.62159429	7.824344465	7.391286490000001	7.863824962	7.468508632	7.311005329	7.435344997	7.426971382	7.548385142	8.728526589	10.58122346	7.347200567	7.389304243
GSM825702	9.60797313	7.423343208	9.504368933	11.86476371	7.464364501	7.328278347	10.7970482	9.688966616	11.70798412	11.505944856500001	7.331004381	7.713498283	10.45400032	7.383932882	7.819519822	11.87422421	14.29137755	12.90722294	12.8045194	7.461190133500001	8.630753759000001	10.195744267	8.557147601	8.074554853	8.42499442	8.514026932	11.27995847	7.975983164	7.45168607	10.17769241	13.26503313	9.191987182	8.335810529	9.330367771	10.35682908	8.833744889	7.32760403	7.366952156	7.87447938	7.766136165	7.402283564	10.28424207	7.376859625	8.443546052	8.971026929	8.380736661	8.618035882	8.827335093	9.070363332	8.723474507	8.1201489985	8.030110892	8.244893407	7.6025057	8.987103347	13.2340489	11.65142852	12.59904901	13.26222967	9.4332810795	15.58317028	13.34471503	14.51827161	8.660104558	11.51566588	13.17551383	8.274575377	13.07705969	8.050806515	7.460984614	9.968858661	8.790415922	11.05892261	7.798150752	8.3196676795	7.598098218	7.5154998	8.711615569	7.619957493	8.052089387	7.268551343	8.302252579	10.43249836	10.532729046	9.997532931	9.044443447	7.918953877	8.088959778	8.505486123	7.422647197	11.53384084	7.337738149	7.468120031	10.3892579	10.53019521	9.856611116	9.19811198	7.735409758	7.342250253	10.21376882	7.846567479	8.71631485	9.723324298	7.501781515	13.67547891	11.8591878	14.35185018	7.347021564	7.487184842	7.334140935	14.01253316	11.51561937	8.073713801	7.391960058	7.51071844	10.38242591	7.936855832	7.653438479	8.072030146	7.358946446	7.600618989	7.914675075	7.436710987	8.735243303	7.428238778	11.77876856	8.764681193	10.53546874	12.04166202	7.873986723	7.466007319	7.399010038	8.667243527	12.00188413	12.19300393	11.53476025	7.399010038	8.865903677	7.650437128	7.295637928	7.4229787565	12.063842695	9.236691482	7.778515888	7.540423008	7.733739555	9.728809929	8.676616807	7.313060371500001	8.139047189	7.535752193	8.186479731	8.251994909	7.681253926	8.978270257	11.48514222	9.83736629	8.28373477	7.96433435	7.417113377	8.241142562	12.3042913	8.205430068	8.059761024	8.308376002	11.5029172	9.001408281	7.846567479	7.4285935625	11.16602762	7.335206468	8.658672803	7.340719792	8.383446125	9.575890842	7.434584968	7.902228246	11.09981047	9.176919969	8.101201616	7.9024566305	7.663581535	7.382730347	9.348483075	11.79750443	8.102026174	7.589228704	7.562824115	9.298625286	11.51696768	10.62424035	10.16037985	10.24156824	8.817282594	9.486133615	10.42196114	7.711226204	8.486411835	7.319956942	7.440975667	10.6226648	8.856855317	7.40894501	13.0156508	7.843537	8.785936491	13.27502331	7.947101809	12.63265977	7.767758657	7.4456731605	8.212333153	7.804446597	7.296326365	9.953074231	8.059335965	7.531060871	10.63351458	12.26893013	7.328616477	7.419181099
GSM825703	8.388660199	7.403943916	8.46046671	11.38362013	7.442861534	7.320590604	12.07539178	10.2019874	7.558398201	8.223393899	7.310387409	7.419580701	7.5654039	7.412568075	7.750328825	10.75812144	14.44176572	13.23309559	13.56493968	7.382800982	8.2342411675	9.4297017605	8.307889494	8.162606985	8.265125819	8.195575215	12.42678337	9.202970819	7.609010677	10.08305983	11.93862117	9.552715777500001	7.340117772	9.7244659	10.54843251	10.19632011	7.329806804	7.312146545	7.804820882	7.935236586	7.439796462	10.57342973	7.350361914	8.274009839	8.675802465	9.420932522000001	8.443353463	8.226332218	8.08872301	8.449430488	7.37147619	8.336512812	8.096719251	7.394964822	7.904226323	12.9058667	8.943436666	11.79050024	12.97978261	9.366346765500001	7.579798985	12.03377297	13.31253181	8.709638771	10.0794939	11.96248491	8.149537636	7.401675829	8.119455314	7.402808055	9.178660088	7.979350841	7.931073997	7.328731912	7.38861876	7.593989663	7.469066057	7.484910241	7.485492253	7.6508001	7.258858318	7.955458658	8.921759749	7.406743498	8.723634393	7.357544865	7.609524649	8.00996339	7.517549999	7.447588583	8.034507649	7.291026345	7.603339532	7.682359971	10.4104117	9.148072787	7.985159905	7.462538282	7.394412383	10.83443407	8.174305095	9.500593869	10.64194564	7.436205452	12.41324586	10.70633587	13.11147801	7.366602387	7.805245682	7.37043021	11.82884	10.4308464	7.68379315	7.510769942	7.257082363	8.265125819	7.986969555	7.347123559	8.135705947	7.311442896	7.528759057	7.357981325	7.420757531	8.048703077	7.432621346	8.864604076	7.969117257	9.25065534	10.20780819	8.128903012	7.387746515	8.858731689	9.264355206	10.35993596	8.648891634	11.04983439	7.339738606	8.198678614	7.591900002	7.290321635	7.4533080835	11.622321764999999	9.119632336	7.972050034	7.564866742	7.63037404	10.32048631	8.138289182	7.346281712	8.380962769	7.519242798	9.645456271	7.886626251	7.400547344	11.5033301	7.806519069	9.638041442	7.529872664	7.8884629595	7.31707209	7.398302031	11.38613278	7.411987844	7.657681209	8.656528954	9.692349613	7.959165668	7.725421145	7.523430906	11.4498145	7.287502088	7.810752751	7.287854596	8.214716556	8.953400125	7.398861869	7.598155942	8.884886198	8.539339817	8.419073731	7.7402787905	7.477899454	7.31073924	7.310387409	8.121088688	8.30035998	7.609524649	7.490136154	8.736409401	7.949876261	10.10336508	9.140798703	9.06152005	8.665965988	8.84507973	9.051682495	7.791997323	9.595231084	7.469066057	7.75434828	10.3429262035	8.630689811	7.377397591	9.710206123	7.289616856	9.373981178	12.36115575	7.982258851	12.43924368	7.711112701	7.3265343235	9.294944719	7.329448028	7.275503413	8.447319435	7.836222661	7.392213886	10.52132986	9.838328234	7.438598849	7.407946525
GSM825704	7.85557477	7.379208512	13.34340453	9.982320113	8.052586012999999	7.70336299	10.31903596	10.1815037	7.623617745	8.637344873	7.350746181	7.531330439	8.02718638	7.975438652	8.011068317	9.766847885	12.78690622	11.64410148	11.89569056	7.407121254	7.565208394	7.907279937999999	7.888066833	8.536398625	11.92454182	8.102968519	7.656529264	8.622197453	8.078122744	7.924490256	11.71928171	9.104918701999999	7.455997194	7.600694259	11.6381631	9.198652335	7.362836923	7.343676686	7.439127097	7.323930231	7.447016035	11.32751054	7.393424506	7.40945351	9.199545248	7.506086997000001	7.432420214	9.098329126	12.21239014	8.789092336	7.384497989	7.939598268	9.080522689	7.541267748	8.465004847	15.17619578	10.59497937	13.26944712	11.45672804	7.5153541715	7.518261433	12.94300453	15.25596781	7.742377922	11.12987498	14.64989856	7.613429936	7.435553045	7.513877708	7.453665649	8.798987635	8.297177511	11.27627298	7.380772206	7.7961124385	7.76977143	7.569819643	7.748717034	7.676621337	7.656925959	7.374430957	8.944822183	7.592001116	8.882942737499999	7.567708869	7.492641216	7.509480127	7.696055852	7.636145110999999	7.401017746	7.8013301	7.321228702	7.546424509	11.04898593	9.759075799	7.809560268	8.37973538	7.471074394	7.343676686	8.662517593	7.800612236	7.694504443	9.447924048	7.343676686	11.84928952	9.935327144	12.60415676	7.410080027	7.461983131	7.437094972	10.74778993	9.116884619	8.388568043	7.441631414	7.226451142	7.60151939	7.884340939	7.429217232	8.193564651	7.370357275	7.511240828	7.458771725	7.344565275	8.480325691	7.389091221	9.250242971	7.46880839	9.120009125	9.52243107	7.479201389	7.535442035	7.448458193	7.470168438	7.335632034	11.68235293	15.4074771	7.493086973	7.657719019	7.503300049	7.290731138	7.384718137	10.31508513	9.320332574	7.663652939	7.599042548	7.447497908	7.83783177	9.760249207	7.373907588	8.603259975	7.439127097	7.914886386	8.301059949	7.546424509	9.775219003	8.600903893	9.670928656	7.413776109	7.824015279	7.339216715	10.15815635	11.90960949	7.512120343	7.739385165	7.567286333	8.798418381	8.245820375	7.518699048	7.3346914089999995	11.64657304	7.44941403	7.464264449	7.809917052	7.903881935	10.56305748	7.370357275	7.646575787	8.378504741	8.006074208	7.791609011	7.4728069945	7.967120058	7.384614171	7.36704297	7.874472935	7.570663064	7.592831348	7.401017746	10.15950868	8.203221089	10.79348053	12.02852778	9.077482854	8.915756633	7.836431065	14.25881984	7.818099154	8.771050841	7.544707701	7.448936655	9.0069605545	7.671133971	7.947745529	10.45353726	7.687533286	9.84552226	10.6066463	7.947095378	9.506775699	7.920523746	8.0002925725	7.646176196	7.64337591	7.271078885	7.554124183	7.521321849	7.592831348	9.047262479	11.15465013	7.367875931	7.331136874
GSM825705	8.724939764	7.360730772	14.07405682	10.22264539	8.060025504	7.992619382	11.02869185	10.2111925	7.520442805	9.856175735499999	7.446465589	7.573588721	14.02613289	9.40417171	7.923093455	8.754952533	12.82281255	11.56031206	11.84735354	8.821934368	7.9234722600000005	9.011464136	8.575984743	7.979250943	13.1969431	7.625211258	9.179996611	7.871588707	7.516232749	9.004648149	12.71288274	10.020984063	8.042949434	7.535389885	9.266937683	9.300517889	7.432524579	7.309365209	7.430541162	7.350170162	7.465503563	14.69178933	7.361221409	7.455282617	10.79365824	7.451787456	7.440264306	8.333566607	14.77580715	8.243554461	7.393347662	7.655646618	10.16825074	7.547590361	8.880595821	15.13435031	14.86919949	12.21896436	14.79565081	9.832812129	9.493319358	14.1566897	15.3788531	7.647235672	12.54303731	15.29270949	7.51483152	7.71796224	7.476094924	7.372167302	10.35324024	8.054374217	10.88525036	7.824596389	9.2446189285	7.518476937	9.596288403	7.359746013	7.624632199	7.583641062	7.48375744	10.88029666	10.77555961	7.475802814	8.365824335	7.718251458	7.472825631	7.6240667525	8.0154457525	7.454212756	8.944290321	7.496165895	7.4427026	9.619144203	11.46466627	7.96823069	7.980323299	7.622316313	7.35826027	9.619453806	7.617107761	7.430541162	7.522973306	7.277913055	10.99609697	10.17863425	11.742981	7.404497519	7.422342025	7.429970147	11.32767784	10.53334173	7.438079739	7.387433679	7.490085696	8.233762138	7.658547369	7.795306036	9.659139361	7.321724776	7.558991041	7.418981078	7.399098798	8.721455456	7.40658496	8.48570822	7.564994057	9.13809093	9.295422915	7.448070852	7.5205011355	7.633321381	11.3842645	7.444318998	12.4315094	15.56034412	7.502271148	8.35369263	7.464152942	7.288566287	7.4955651865	10.871299225	10.42799037	7.85618547	7.382830915	8.307388417	7.529454706	11.68851419	9.0104629815	9.600466417	7.461187619	7.446733364	8.168648879	7.662608611	10.54534356	11.62483732	8.710607978	7.35221799	7.9057176469999995	7.361221409	7.311066671	11.25106066	7.570148311	11.67260645	7.470922752	11.39244022	9.026195043	7.575310141	7.300096868500001	13.05058863	7.559847907	7.685232783	7.404145743	7.673341877	10.88004356	7.356764388	7.550720895	11.44744144	7.616818491	7.73298856	7.38845766	7.523254675	7.393031191	7.669570842	14.70584997	7.581916022	8.453061725	7.629844898	11.12308362	8.274184329	11.93014794	9.523570612	9.074303358	10.37667496	7.817507047	15.04115882	12.24332353	7.844655199	7.824879684	7.499493015	9.9585873625	7.568429359	7.590547999	13.10988937	10.87019542	10.83622946	9.406040158	7.739625442	12.0613435	7.646655699	8.902733264	8.954500071	8.070619622	8.115038558	7.831106666	7.404497519	8.196631601	9.460608885	10.45990305	7.262244196	7.308796943
GSM825706	9.245179557	7.399748911	13.55377478	10.52255926	7.643342517500001	7.464184549	8.813532013	8.56307476	9.115053798	9.568301619	7.327813444	7.727139686	13.04644351	7.932874113	8.299766615	10.46054114	12.78557948	11.96597645	12.48685266	7.4933879215	7.4238184910000005	7.9354151569999996	7.997552122	7.97203662	9.811990735	8.507411574	7.642035031	7.747316297	7.444784262	8.502926894	11.92713377	9.408888935499998	7.752910518	8.043296782	10.52674171	8.771615632	7.359369157	7.359369157	7.443961213	7.461377968	7.448418299	12.86062995	7.439735055	7.53324501	9.333703138	7.477445458	7.507820783	9.430860421	11.77396817	9.242603868	7.4506992975	8.2220116	8.186987671	7.764834339	9.89344162	15.90197635	14.07236391	13.11124458	12.74805237	9.2557872975	11.8037613	13.01631969	15.57000912	7.586846186	11.47535478	14.54467663	7.484545094	9.796295219	7.448816278	7.441873103	9.762832783	9.371718641	11.40157682	7.357308164	7.7842876059999995	7.573522404	8.029271826	7.415634027	7.726447035	8.006737193	7.518172341	8.653496417	8.19828253	8.4281144925	7.532147067	8.094041676	7.445193426	7.7914647105	7.700174344000001	7.438424892	7.813634141	7.446412226	7.453536063	13.14443191	10.42043131	8.853551858	9.089107928	7.438424892	7.435276595	8.541238837	7.56875045	7.601695649	8.62543911	7.393343463	13.16352914	12.03743837	13.50215436	7.357308164	7.427492859	7.479550654	8.89222965	10.23990864	7.62967993	7.412468642	7.305078949	7.73825088	7.756412575	7.467879708	8.618617452	7.398975344	7.68601314	7.592995174	7.385558153	7.925736476	7.409151952	9.623836437	7.661835397	9.505538096	9.91327592	7.537668268	7.3766093165	7.44761929	10.14757523	8.111240495	10.66568174	15.07420157	7.503783077	8.486574097	7.343692149	7.254618168	7.3786106865	10.56354911	10.14103406	7.571131401	7.583792965	7.684659118	7.729912456	9.326349948	7.6177976615	8.382757706	7.483169721	8.054481107	8.488838648	8.658643618	11.21467236	10.0471825	9.240024357	7.887860014	7.6375756145	7.608603662	7.468714455	12.40314935	7.683982559	9.618510421	7.592377767	9.579851355	8.056574486	7.803689978	7.3743217765	10.93119599	7.693481342	7.871415617	9.414930096	8.09817829	9.841656628	7.3873376	7.756412575	7.659175978	7.882139863	7.494924376	7.4599158325	7.669847243	7.36547454	8.560903257	10.09408016	7.540457954	7.906447923	7.423225229	9.626198281	8.363432994	9.980580113	10.69555343	10.50766264	8.897621991	8.122878526	14.34531898	9.295550413	7.731994273	7.516073396	7.360395149	10.019971869	7.71815267	7.428007099	12.3906333	9.135144491	9.355232451	10.64941246	8.168934595	10.56783701	8.295986769	7.767418818	7.56284302	7.499313859	7.334157077	8.659671259	7.507312779	8.055876824	9.400197418	11.69107491	7.293061346	7.384658467
GSM825707	7.883165175	7.4031217	13.61418956	8.376445349	7.812503712	7.772139038	11.58151354	9.20159021	7.47597118	9.1207103155	7.284260143	7.554595131	9.464122023	10.04070315	8.252355084	8.879085722	10.17362759	9.113307242	9.404551897	7.407441767	7.424889629	7.7719421335	7.578586331	7.944587865	12.60133892	7.668191116	8.251632675	7.716495322	7.431527649	7.990971739	10.27149437	7.977391897	7.47026618	7.491928986	10.23374515	9.515424011	7.433231345	7.289385818	7.395593544	7.28810736	7.451296911	14.54687415	7.40794174	7.471620803	9.115714181	7.3744837785	7.498053469	8.467588871	14.46373258	9.206820871	7.387852767	7.495543503	8.737900679	7.41523236	8.986876365	15.05919716	12.54137549	12.07888647	13.26278894	7.9475434385	7.627797751	13.38229734	15.20967043	7.75034207	11.37180249	15.18811561	8.15123837	7.797719038	7.460851491	7.368433766	7.852268789	7.842299509	9.180092782	7.461921302	7.489180351	7.533774224	9.232861487	7.372046368	7.812236309	7.511256829	7.467024778	10.80086051	8.664119387	8.8410690785	7.722192798	7.425067456	7.354343928	7.3722668119999994	7.5327769584999995	7.46891392	8.479958857	7.377550293	7.44093818	10.84316282	10.07077616	7.541263088	7.451033048	7.519478422	7.325571535	12.30651409	8.940487847	7.458716784	9.128819896	7.347527855	9.794990797	7.96999931	10.72352689	7.409375464	7.426568347	7.413887073	9.250041201	8.482254651	7.613797239	7.468373684	7.447601041	7.876776679	7.668490969	7.719194363	9.864342648	7.344056128	7.57300446	7.409730435	7.383296793	8.356721677	7.402740284	9.047694936	7.517488965	7.831125785	8.409297508	7.377059018	7.467095556	7.439314703	7.830242278	7.390075	8.681175947	15.31099712	7.564802811	7.72069365	7.305196974	7.291936772	7.3231321860000005	8.4599269115	7.658898989	7.392661339	7.374072887	7.604884999	7.595994848	10.73461703	7.388330621	9.682851732	7.429800915	7.553722641	7.857827766	7.594811314	9.791216018	8.133202775	8.232734087	7.388755672	7.562629187	7.313292107	8.542835575	11.61912047	7.642135124	7.877357985	8.90083088	9.473390952	9.069953692	7.433794486	7.280458435	13.64591773	7.546178358	7.488604349	7.409375464	7.513236354	10.21256373	7.392661339	7.771840922	10.54474953	7.745556286	7.510127139	7.3943842115	7.595698923	7.342305624	7.829358574	10.36332891	7.575646911	7.571537704	7.466485894	10.29337115	7.615879649	11.52202452	10.53322354	7.936629374	10.46112465	7.63735223	14.17415476	9.813739358	9.04223092	7.507589306	7.452088669	8.842575265499999	7.479522909	7.462724723	11.94770939	7.442013992	11.55067387	9.75483233	7.75243499	11.22293034	7.571830981	8.783768592	7.598659408	7.956196628	7.316382055	8.185486338	7.411485091	7.538378558	7.794750914	9.12220956	7.322522159	7.356575072
GSM825708	7.690419419	7.436704812	9.600649051	8.563616789	7.4125232365	7.330326651	8.061282674	8.361570127	9.11833128	9.0931902695	7.285299553	7.478283259	10.75326266	7.459066397	7.708371527	8.862450557	10.33419353	9.758516206	10.08144307	7.916276809	7.52384951	7.987380665	7.482617628	7.557000914	11.28296331	8.788566377	7.603326805	7.492518985	7.415579329	7.65385949	9.631468197	8.1160089195	7.440415629	7.500762983	8.742592987	7.676302769	7.389994218	7.331497768	7.406010804	7.324512557	7.458420973	10.77827019	7.310929744	7.415579329	7.768057766	7.419024691	7.415579329	8.313253754	11.78163562	8.02021099	7.404868715499999	7.704644553	7.491249227	8.55129411	8.981168968	14.17763305	13.2090356	12.44678326	11.90189089	9.2665524205	10.39091402	9.922666746	13.23766282	7.521574093	11.74400092	11.36340717	7.44309761	9.030593409	7.375471744	7.398423444	8.009079595	7.995422882	10.72867376	7.379771742	8.990749507	7.497685817	7.710237345	7.474460137	7.613102544	7.954143156	7.439618426	8.090326992	8.532394874	8.2321122945	7.607337824	7.508421675	7.394776728	7.4434466475	7.5236106675	7.453945167	7.510722529	7.313156183	7.448055016	10.52330963	7.957913426	7.713973493	7.976088661	7.349191456	7.327991967	7.664127311	7.549654249	7.423728484	7.55017499	7.314274917	10.53936069	9.143069112	10.95758693	7.401046824	7.433108375	7.455860156	8.340746059	8.54578615	7.466113268	7.420746743	7.267267364	7.507507368	7.770592048	7.453304741	8.39786409	7.421357701	7.480236978	7.39930869	7.418868328	7.500320599	7.363163736	9.033631644	7.472591742	8.092131072	9.196288604	7.450059393	7.485822279	7.52593471	8.062499429	8.876671389	12.3411413	12.96805006	7.443835891	7.548095819	7.374380394	7.351544415	7.331959701000001	8.8511724245	8.581247131	7.459390285	7.493370427	7.498122607	7.408357828	8.676731937	7.6579333055	7.447373513	7.437557931	7.387014156	7.701543633	7.771225811	10.03922854	11.53551234	9.002638965	8.261747984	7.465043093	8.227232121	7.358552217	11.49845465	7.535338681	8.566342072	7.412797729	9.837229533	7.495948136	7.509799617	7.3151130965	8.249025837	7.520613576	7.644867466	9.899194729	7.492944215	8.397358704	7.398423444	7.523020714	7.916911012	7.551218355	7.482617628	7.388891113	7.55069636	7.389994218	10.58860354	8.447106987	7.502988646	7.475975719	7.316523514	7.603326805	8.110096878	8.475253457	9.989600963	10.30065994	7.643673611	7.62123867	13.1536702	7.747833961	7.799174494	7.348012801	7.383957466	9.8150457435	7.462018776	7.433108375	10.36105011	8.543485448	8.712283493	11.09905772	7.621822639	10.01742273	7.923872439	7.4030098895	8.121996759	7.440018864	7.504785469	8.332338223	7.413506108	7.531843579	7.990443276	10.95960316	7.324512557	7.348012801
GSM825709	7.969982274	7.379427165	13.00603694	10.56894733	8.628432903	7.452673418	8.377183179	10.01386825	8.068198366	9.720359181500001	7.30845763	7.568235176	10.09762551	7.749952334	8.189079079	9.735909406	11.89539998	11.95997507	11.66921657	7.994326388	8.250953281000001	8.7232027235	7.872573155	7.835340265	11.5573104	9.252959783	7.960466155	7.72984528	7.462003883	8.00407711	11.08168558	8.783424634500001	7.566034744	7.854994933	8.804985703	8.686338216	7.372717211	7.329700975	7.453453211	7.36000239	7.420290296	9.764892606	7.354011135	7.440923224	9.232054005	7.569573738	7.571165185	9.393062198	11.63541967	10.30438397	7.397143556	8.313342066	8.98961842	7.863176648	8.530599075	15.0772369	10.97706293	13.1618647	11.45503833	8.793329235	12.3636602	11.90770989	14.12725523	7.689671576	11.07842876	14.10606953	7.43461274	10.35948875	7.525992086	7.527490034	8.090015871	9.30916447	12.06691101	7.462778855	8.5275642335	7.793452997	7.412252453	7.807734281	7.657053033	8.224568991	7.283234631	8.39703229	8.320220816	8.060353488	7.814834727	8.813932805	7.46432767	8.6156819835	7.8176812195	7.375239369	7.850574643	7.312912506	7.593722991	11.75823626	10.22081941	8.403600421	8.892466659	7.273200644	7.35658321	8.923477842	7.880679037	7.756607734	8.244616852	7.33145494	13.29082329	12.42146881	13.81860838	7.36765188	7.469737059	7.998827227	9.733959042	10.55491792	7.958079535	7.357439109	7.282325315	7.70338476	8.002328792	7.386086296	8.470254316	7.389397228	7.494264518	7.463553449	7.421090773	8.123632474	7.353152327	9.708393346	7.626004788	9.104744516	12.01541777	7.940082153	7.486098566000001	7.739925361	9.636161976	9.269044788	12.45505201	14.23422506	7.388570635	7.905403322	7.692422101	7.316465458	7.349596264	11.055054675000001	9.781409958	8.368131618	8.076059916	7.500348048	7.61887776	8.964896191	7.3460614555	7.996489189	7.505655524	7.858775522	8.534086212	7.69173484	11.33343211	11.19289117	10.04681591	7.661946489	7.771119247	7.867567519	7.693795879	12.51171606	7.513966585	7.869446192	7.451893199	9.39995811	7.765225056	7.907244594	7.3257355735	10.67616879	7.413864933	7.977087682	9.378381504	8.08945965	10.83225735	7.411445269	7.613873064	8.160933191	8.60159725	7.726473362	7.472378204	7.888130524	7.365108846	10.30911274	10.37154535	7.612440753	7.597336731	7.360855337	9.280725918	8.7352255	10.17627464	11.47438237	10.96577696	7.952698476	8.132349464	15.40975169	7.8955526	8.442972327	7.626004788	7.361707539	9.9162849315	7.707479581	7.891226617	11.10209149	11.26997431	9.467158412	10.78892834	8.269496756	11.1032834	8.891043891	7.901518235499999	7.836614502	7.41063745	7.236146886	7.554994789	7.638767146	7.58937753	8.96079841	10.80458176	7.319123746	7.350571586
